topic_id,gini_impurity_adopters,gini_impurity_lambda_frontiers,gini_impurity_lambda_non_adopters,num_communities_adopters,num_communities_lambda_frontiers,num_communities_lambda_non_adopters,overlap_adopters_lambda_frontiers,overlap_adopters_lambda_non_adopters,overlap_lambda_frontiers_lambda_non_adopters,avg_time_to_adoption,virality,delta_t
7182,0.0,0.0,0.0,1,1,1,1,1,1,151.57929012345681,1,16875.71638888889
7192,0.4600000000000001,0.2777777777777777,0.5904145991176546,3,2,3,2,3,2,908.0151851851851,0,
7194,0.0,0.0,0.0,1,1,1,1,1,1,10.949135802469137,1,952.3897222222222
7195,0.31999999999999984,0.0,0.4712734616344366,2,1,4,1,2,1,152.43666666666667,0,
7221,0.54,0.625,0.2552519626332178,3,3,3,3,2,2,14.590555555555556,1,762.8302777777777
7222,0.17999999999999994,0.0,0.17553757088846889,2,1,4,1,2,1,12.117901234567901,1,15465.041388888889
7224,0.4600000000000001,0.375,0.6754672926369414,3,2,4,2,3,2,557.4113580246914,0,
7225,0.33999999999999986,0.375,0.18127860771590976,3,2,3,2,3,2,16.865617283950616,1,969.5355555555556
7228,0.17999999999999994,0.0,0.14544378698224836,2,1,4,1,2,1,203.30382716049382,1,19112.255
7229,0.0,0.0,0.08479532163742687,1,1,3,1,1,1,365.23648148148146,0,
7232,0.33999999999999986,0.56,0.585619253650622,3,3,4,3,3,3,21.053179012345677,0,
7238,0.5,0.0,0.5433677695977935,2,1,4,1,2,1,13.38320987654321,1,992.9316666666666
7239,0.0,0.0,0.0,1,1,1,1,1,1,23.74854938271605,1,8713.29361111111
7250,0.17999999999999994,0.0,0.12941683424303363,2,1,4,1,2,1,162.10157407407405,1,2151.240277777778
7252,0.17999999999999994,0.0,0.31275720164609055,2,1,3,1,1,1,29.072716049382716,1,2746.6841666666664
7253,0.48,0.375,0.5109754713460462,2,2,4,2,2,2,87.02216049382716,0,
7272,0.0,0.0,0.0,1,1,1,1,1,1,11.329166666666667,1,556.5172222222222
7278,0.33999999999999986,0.0,0.5400460264349196,3,1,4,1,3,1,528.0843827160494,0,
7286,0.6399999999999999,0.4444444444444444,0.5499921133732923,3,2,4,2,3,2,373.80691358024694,0,
7287,0.17999999999999994,0.0,0.13094530321046371,2,1,4,1,2,1,244.47626543209876,1,3436.971666666667
7293,0.4600000000000001,0.375,0.32131539804695075,3,2,4,2,3,2,92.29641975308643,1,1133.8166666666666
7298,0.6399999999999999,0.6111111111111112,0.7016367171118147,3,3,4,3,3,3,32.96898148148148,0,
7300,0.58,0.48979591836734704,0.564921540062435,3,2,5,2,3,2,247.94478395061728,0,
7316,0.31999999999999984,0.31999999999999984,0.15406382160707432,2,2,4,2,2,2,40.17907407407407,0,
7318,0.33999999999999986,0.0,0.6093127863390254,3,1,4,1,3,1,582.0528395061729,0,
7323,0.17999999999999994,0.0,0.0,2,1,1,1,1,1,191.22175925925927,0,
7324,0.0,0.0,0.0,1,1,0,1,0,0,8.45645061728395,1,1321.253611111111
7337,0.0,0.0,0.11273404568179601,1,1,3,1,1,1,166.1091049382716,1,7319.625277777778
7342,0.0,0.0,0.0,1,1,1,1,1,1,30.08506172839506,1,3037.4527777777776
7343,0.54,0.48,0.5647597001763669,3,2,3,2,3,2,18.464166666666667,0,
7345,0.31999999999999984,0.31999999999999984,0.20112840225680462,2,2,3,2,2,2,168.24827160493825,1,4618.486111111111
7350,0.0,0.0,0.0,1,1,1,1,1,1,37.947932098765435,1,15280.47388888889
7377,0.4600000000000001,0.0,0.4385621426893257,3,1,4,1,3,1,1707.545462962963,0,
7393,0.58,0.375,0.6553248750480585,3,2,4,2,3,2,1374.7916975308642,0,
7397,0.0,0.0,0.0,1,1,1,1,1,1,41.75283950617284,1,14891.217777777778
7469,0.42000000000000004,0.48,0.5463925399118768,2,2,4,2,2,2,192.18595679012347,0,
7478,0.42000000000000004,0.31999999999999984,0.5913263129232516,2,2,4,2,2,2,22.852253086419754,0,
7508,0.31999999999999984,0.48,0.5189369806094183,2,2,4,2,2,2,191.58555555555554,0,
7545,0.17999999999999994,0.0,0.20988331114417724,2,1,4,1,2,1,276.38848765432095,1,5418.999722222222
7546,0.0,0.0,0.0,1,1,1,1,1,1,103.6744135802469,1,12590.176388888889
7568,0.31999999999999984,0.48,0.47477442713935025,2,2,4,2,2,2,113.4751851851852,0,
7572,0.42000000000000004,0.0,0.5899849975120564,2,1,4,1,2,1,58.25243827160494,0,
7574,0.56,0.625,0.41134951845227674,3,3,3,3,3,3,42.92188271604938,0,
7580,0.54,0.375,0.5238146656999914,3,2,4,2,3,2,13.579598765432099,0,
7581,0.4600000000000001,0.40816326530612246,0.203076656518403,3,2,4,2,3,2,36.29811728395062,1,6090.541944444444
7587,0.0,0.0,0.5035787568868855,1,1,3,1,1,1,11.922098765432098,0,
7589,0.42000000000000004,0.4444444444444444,0.41268180239959873,2,2,4,2,2,2,222.63604938271604,0,
7599,0.17999999999999994,0.0,0.15500000000000014,2,1,3,1,1,1,161.6461111111111,1,12358.437777777777
7600,0.5,0.5,0.4478572178845279,2,2,4,2,2,2,188.04558641975308,0,
7601,0.48,0.0,0.42873982573774605,2,0,4,0,2,0,126.06611111111111,0,
7605,0.7,0.7222222222222222,0.5868577451440617,4,4,5,4,4,4,59.209012345679014,0,
7608,0.42000000000000004,0.375,0.546988282800913,2,2,4,2,2,2,78.39259259259259,0,
7609,0.0,0.0,0.0,1,1,1,1,1,1,7.224907407407407,1,1258.5144444444445
7614,0.54,0.4444444444444444,0.5552045824759946,3,2,4,2,3,2,77.99891975308643,0,
7620,0.4600000000000001,0.40816326530612246,0.5477142716648363,3,2,3,2,3,2,12.183765432098765,0,
7621,0.5,0.375,0.6134619050607357,2,2,4,2,2,2,23.876944444444444,0,
7631,0.42000000000000004,0.40816326530612246,0.5275469375192368,2,2,4,2,2,2,379.9207098765432,0,
7645,0.42000000000000004,0.4444444444444444,0.4864418265327095,2,2,4,2,2,2,19.5329012345679,1,815.3694444444444
7649,0.62,0.5,0.5861242936717006,3,2,4,2,3,2,18.204413580246914,0,
7651,0.17999999999999994,0.0,0.13202268431001896,2,1,4,1,2,1,122.2262037037037,1,10467.845
7653,0.72,0.375,0.6413272042642673,4,2,4,2,4,2,85.665,0,
7654,0.0,0.0,0.08818866428854544,1,1,3,1,1,1,45.95432098765432,1,914.4966666666667
7655,0.62,0.0,0.5450617798139663,3,1,4,1,3,1,46.801141975308646,1,2003.3391666666666
7663,0.42000000000000004,0.0,0.5853939799629053,2,1,4,1,2,1,15.67685185185185,0,
7683,0.58,0.375,0.5643958032412184,3,2,3,2,3,2,8.090092592592592,0,
7684,0.58,0.5,0.578598286715168,3,2,3,2,3,2,17.080339506172837,0,
7685,0.48,0.5,0.5602309520191855,2,2,4,2,2,2,22.67898148148148,0,
7686,0.7,0.0,0.48759077029733133,4,1,5,1,4,1,23.213333333333335,1,2216.4422222222224
7687,0.17999999999999994,0.0,0.23959094229364486,2,1,3,1,1,1,139.2492901234568,1,9459.075833333334
7688,0.62,0.31999999999999984,0.5086131402452048,3,2,3,2,3,2,20.065185185185186,0,
7689,0.7,0.625,0.6018201920517599,4,3,5,3,4,3,19.522716049382716,1,863.64
7690,0.4600000000000001,0.4444444444444444,0.5923274713496983,3,2,4,2,3,2,5.375308641975308,0,
7691,0.62,0.4444444444444444,0.5710322971739015,3,2,5,2,3,2,104.4120987654321,0,
7692,0.0,0.0,0.0,1,1,1,1,1,1,55.48719135802469,1,1080.3691666666666
7694,0.58,0.5,0.5823114669421487,3,2,4,2,3,2,106.15947530864197,0,
7695,0.17999999999999994,0.31999999999999984,0.44359665360639977,2,2,3,2,2,2,11.962993827160494,1,760.6605555555556
7698,0.62,0.5,0.536183488664155,3,2,3,2,3,2,71.62052469135801,0,
7699,0.17999999999999994,0.0,0.050851745656940395,2,1,3,1,2,1,120.53604938271604,0,
7700,0.62,0.6666666666666667,0.6156120867768595,3,3,5,3,3,3,46.45388888888889,0,
7701,0.6599999999999999,0.0,0.6291481882098432,4,1,5,1,4,1,52.10666666666667,0,
7702,0.42000000000000004,0.0,0.37753903785871645,2,1,3,1,2,1,23.59777777777778,1,1124.4608333333333
7704,0.42000000000000004,0.4444444444444444,0.4461299615095028,2,2,4,2,2,2,14.082777777777778,1,582.3813888888889
7705,0.17999999999999994,0.0,0.15500000000000014,2,1,3,1,1,1,21.0470987654321,1,7901.144722222222
7706,0.0,0.0,0.0,1,1,1,1,1,1,58.52453703703704,1,5120.7827777777775
7708,0.17999999999999994,0.0,0.12438111339210234,2,1,3,1,1,1,244.37743827160494,1,6623.736944444445
7709,0.4600000000000001,0.40816326530612246,0.568934990506587,3,2,4,2,3,2,72.12879629629629,0,
7710,0.42000000000000004,0.40816326530612246,0.5478670082423702,2,2,3,2,2,2,181.97435185185185,0,
7712,0.0,0.0,0.4465685831807621,1,1,3,1,1,1,109.49077160493826,0,
7714,0.17999999999999994,0.0,0.19376181474480159,2,1,2,1,2,1,232.50858024691357,0,
7716,0.17999999999999994,0.0,0.18846611177170025,2,1,3,1,2,1,97.57277777777777,0,
7717,0.17999999999999994,0.0,0.1567149375123984,2,1,3,1,1,1,27.85854938271605,1,5057.850277777778
7718,0.17999999999999994,0.0,0.3677685950413223,2,1,3,1,1,1,30.471975308641976,1,1637.5611111111111
7719,0.7,0.65625,0.6665414066159091,4,3,4,3,4,3,54.99645061728395,0,
7720,0.17999999999999994,0.0,0.0,2,1,1,1,1,1,39.85623456790123,1,1532.4794444444444
7721,0.17999999999999994,0.0,0.21760000000000002,2,1,3,1,1,1,45.47527777777778,1,3726.0955555555556
7722,0.31999999999999984,0.0,0.07731200000000005,2,1,3,1,2,1,708.3739506172839,0,
7723,0.0,0.0,0.0,1,1,1,1,1,1,14.104876543209876,1,5763.304722222222
7724,0.0,0.0,0.0,1,1,1,1,1,1,138.58166666666668,1,3353.6719444444443
7725,0.0,0.0,0.043773668968589696,1,1,2,1,1,1,196.96268518518517,1,9226.366944444444
7726,0.4600000000000001,0.48,0.20477881731872138,3,2,4,2,3,2,29.85429012345679,1,8802.101111111111
7727,0.48,0.31999999999999984,0.5493902389549272,2,2,4,2,2,2,13.644753086419753,0,
7728,0.17999999999999994,0.0,0.1763668430335097,2,1,3,1,2,1,19.554043209876546,1,10137.125833333334
7730,0.58,0.375,0.5498344578743202,3,2,5,2,3,2,209.395,0,
7731,0.5,0.375,0.4864418265327095,2,2,4,2,2,2,30.391141975308642,0,
7734,0.42000000000000004,0.0,0.5112666958697443,2,1,4,1,2,1,122.5266049382716,0,
7735,0.42000000000000004,0.4444444444444444,0.47489408327246163,2,2,4,2,2,2,64.72762345679013,0,
7736,0.48,0.4444444444444444,0.5525236266899161,2,2,4,2,2,2,30.02317901234568,0,
7740,0.58,0.5,0.48107340720221603,3,2,4,2,3,2,29.650246913580247,1,993.8816666666667
7742,0.0,0.0,0.0,1,1,1,1,1,1,120.75462962962963,1,6733.666111111111
7745,0.17999999999999994,0.0,0.5095675425975934,2,1,4,1,2,1,237.38055555555556,0,
7746,0.0,0.0,0.028362921173852307,1,1,2,1,1,1,79.54913580246914,1,1847.5336111111112
7748,0.33999999999999986,0.0,0.0,3,1,0,1,0,0,404.6540740740741,0,
7750,0.17999999999999994,0.0,0.16435986159169558,2,1,3,1,2,1,13.957623456790124,1,1941.01
7758,0.0,0.0,0.0,1,1,1,1,1,1,14.842191358024692,1,3108.468611111111
7761,0.0,0.0,0.0,1,1,1,1,1,1,12.99388888888889,1,2867.4397222222224
7764,0.42000000000000004,0.48,0.4671005917159764,2,2,3,2,2,2,66.2154012345679,0,
7765,0.17999999999999994,0.0,0.0,2,0,1,0,1,0,16.933827160493827,1,1475.5508333333332
7766,0.33999999999999986,0.0,0.1791049382716049,3,1,4,1,3,1,35.50030864197531,0,
7767,0.17999999999999994,0.0,0.212140306658265,2,1,4,1,2,1,15.30212962962963,1,1654.8497222222222
7768,0.0,0.0,0.0,1,1,1,1,1,1,19.604753086419752,0,
7770,0.4600000000000001,0.56,0.33890221492796924,3,3,3,3,3,3,136.4216049382716,0,
7778,0.17999999999999994,0.0,0.5426735079665137,2,1,4,1,2,1,198.07725308641974,1,9323.42888888889
7783,0.54,0.5,0.3815224913494809,3,2,4,2,3,2,1538.1920987654323,0,
7786,0.48,0.5,0.634527280299875,2,2,3,2,2,2,188.14672839506173,0,
7787,0.31999999999999984,0.0,0.4744907157021814,2,1,4,1,2,1,2074.155462962963,0,
7792,0.42000000000000004,0.48,0.3379881656804733,2,2,2,2,2,2,112.95354938271605,1,6138.804166666667
7793,0.0,0.0,0.59419942338398,1,1,4,1,1,1,196.03814814814817,0,
7795,0.0,0.0,0.5932747650280071,1,1,5,1,1,1,245.96811728395062,0,
7813,0.0,0.0,0.0,1,1,1,1,1,1,1206.3087345679012,0,
7820,0.0,0.0,0.0,1,1,1,1,1,1,744.6100308641975,0,
7843,0.0,0.0,0.0,1,1,1,1,1,1,217.31237654320987,0,
8021,0.0,0.0,0.19753086419753085,1,1,2,1,1,1,93.30376543209877,0,
8028,0.0,0.0,0.0,1,1,1,1,1,1,897.0034567901234,0,
8379,0.0,0.0,0.0,1,1,0,1,0,0,0.0,0,
8439,0.6599999999999999,0.625,0.30428194555958676,3,3,4,3,3,3,1516.3581790123455,0,
8442,0.48,0.4444444444444444,0.18483511867254776,2,2,3,2,2,2,256.31466049382715,0,
8443,0.48,0.48,0.1900584795321637,2,2,3,2,2,2,91.2833950617284,1,17516.87277777778
8445,0.56,0.4444444444444444,0.6594528925619835,3,2,4,2,3,2,140.80805555555557,0,
8460,0.42000000000000004,0.4444444444444444,0.1472,2,2,2,2,2,2,33.600154320987656,1,2666.523611111111
8475,0.17999999999999994,0.2777777777777777,0.5596179361892055,2,2,5,2,2,2,35.35731481481481,1,1366.7219444444445
8476,0.31999999999999984,0.4444444444444444,0.22646604938271608,2,2,4,2,2,2,1231.9228703703702,0,
8477,0.54,0.5,0.2234265318262939,3,2,4,2,3,2,183.12793209876543,1,2601.8927777777776
8478,0.17999999999999994,0.0,0.19949281487743042,2,1,3,1,2,1,107.17243827160493,1,5906.511388888889
8481,0.6599999999999999,0.5,0.5573604915411161,3,2,4,2,3,2,1649.6284876543211,0,
8482,0.54,0.5,0.1359675857865109,3,2,4,2,3,2,31.14324074074074,1,2954.9608333333335
8483,0.17999999999999994,0.0,0.11003571243724442,2,1,3,1,1,1,35.04913580246914,1,2809.1130555555555
8484,0.17999999999999994,0.0,0.5575110866771259,2,1,4,1,2,1,102.18098765432099,0,
8495,0.31999999999999984,0.2777777777777777,0.6079963436625655,2,2,4,2,2,2,93.84706790123457,0,
8496,0.58,0.6111111111111112,0.49672704991628036,3,3,4,3,3,3,209.0228086419753,0,
8500,0.5,0.0,0.4427114699547816,2,1,4,1,2,1,1396.8302777777778,0,
8507,0.62,0.0,0.2102988784830616,3,1,4,1,3,1,492.2410802469136,1,6717.002222222222
8508,0.48,0.4444444444444444,0.24047672087324568,2,2,4,2,2,2,236.5663271604938,1,9045.271388888888
8514,0.17999999999999994,0.0,0.6108099489795918,2,1,3,1,2,1,336.7281172839506,0,
8515,0.17999999999999994,0.0,0.3399525998276358,2,1,4,1,2,1,388.4997222222222,1,11766.705
8525,0.31999999999999984,0.0,0.19390581717451527,2,1,3,1,2,1,1408.6589197530864,0,
8526,0.58,0.4444444444444444,0.3059098277953496,3,2,4,2,3,2,438.23200617283953,0,
8533,0.4600000000000001,0.5,0.49811148581630627,3,2,4,2,3,2,318.39058641975305,1,2076.3952777777777
8552,0.31999999999999984,0.0,0.5976936313829768,2,1,4,1,2,1,372.34277777777777,0,
8567,0.5,0.375,0.4439538900425003,2,2,4,2,2,2,1716.4151543209878,0,
8574,0.31999999999999984,0.0,0.23701594082512545,2,1,4,1,2,1,491.7476851851852,1,7902.09
8585,0.56,0.56,0.17191766435622768,3,3,3,3,3,3,1626.5331790123455,1,3706.6630555555557
8599,0.48,0.5,0.45659341671425147,2,2,3,2,2,2,1986.428487654321,0,
8611,0.5,0.0,0.6089747968034971,2,0,3,0,2,0,1327.8086419753085,0,
8612,0.17999999999999994,0.0,0.22424971488384438,2,1,4,1,2,1,539.0079938271605,0,
8620,0.6399999999999999,0.6399999999999999,0.5027218934911242,3,3,3,3,3,3,353.88716049382714,0,
8621,0.0,0.0,0.0,1,0,0,0,0,0,0.0,0,
8883,0.17999999999999994,0.375,0.0,2,2,1,2,1,1,115.05364197530865,0,
8908,0.4600000000000001,0.5,0.3689247513604803,3,2,5,2,3,2,496.9095679012346,1,17690.425277777777
8916,0.58,0.0,0.5925925925925926,3,1,3,1,3,1,1960.2723456790122,0,
8917,0.48,0.0,0.2777777777777777,2,1,2,1,2,1,682.3730555555555,0,
8918,0.54,0.375,0.37051274102548204,3,2,4,2,3,2,722.9535185185184,0,
9052,0.0,0.0,0.0,1,1,0,1,0,0,409.0015740740741,0,
9074,0.0,0.0,0.0,1,1,1,1,1,1,115.31527777777778,0,
9078,0.0,0.0,0.0,1,1,1,1,1,1,228.72358024691357,0,
9083,0.0,0.0,0.0,1,1,0,1,0,0,803.345061728395,0,
9182,0.4800000000000001,0.2777777777777777,0.64680520944112,4,2,4,2,4,2,35.124660493827164,1,3397.677222222222
9183,0.58,0.44897959183673464,0.6099820970629506,3,3,4,3,3,3,741.6287654320987,1,9174.495277777778
9184,0.56,0.4444444444444444,0.576414876033058,3,2,3,2,3,2,140.80805555555557,0,
9185,0.0,0.0,0.0,1,1,1,1,1,1,1399.85487654321,0,
9186,0.31999999999999984,0.375,0.06243496357960443,2,2,2,2,1,1,5.210432098765432,1,1943.5975
9187,0.42000000000000004,0.4444444444444444,0.08493827160493828,2,2,2,2,2,2,349.33836419753084,1,6620.577222222222
9188,0.31999999999999984,0.5,0.0,2,2,1,2,1,1,178.1778086419753,1,4944.4775
9189,0.58,0.6399999999999999,0.4331102040816328,3,3,3,3,3,3,164.06256172839508,1,702.0172222222222
9190,0.17999999999999994,0.24489795918367352,0.1022644265887509,2,2,2,2,2,2,54.99632716049383,1,4330.830277777778
9191,0.33999999999999986,0.0,0.5690070763244435,3,0,3,0,3,0,255.46771604938272,1,8246.40361111111
9193,0.31999999999999984,0.375,0.32523947427043887,2,2,5,2,2,2,776.3053703703704,0,
9203,0.31999999999999984,0.4444444444444444,0.13717421124828522,2,2,2,2,2,2,31.614351851851854,1,1266.9227777777778
9219,0.17999999999999994,0.0,0.44316547501643655,2,1,5,1,2,1,18.114228395061726,1,2412.37
9225,0.6399999999999999,0.4444444444444444,0.2766443811754319,3,2,4,2,3,2,88.23175925925925,1,7518.6875
9236,0.17999999999999994,0.0,0.5014244741416047,2,1,4,1,2,1,102.14351851851852,0,
9237,0.31999999999999984,0.0,0.5379759542705971,2,1,3,1,2,1,77.62095679012346,1,6040.636111111111
9238,0.4600000000000001,0.375,0.6341250431334122,3,2,4,2,3,2,58.254814814814814,1,2178.8919444444446
9239,0.58,0.4444444444444444,0.24660719957364574,3,2,4,2,3,2,434.02351851851853,1,9743.060277777779
9240,0.31999999999999984,0.0,0.2033798415613608,2,1,4,1,2,1,79.35845679012345,1,3491.633888888889
9241,0.4600000000000001,0.4444444444444444,0.2239439058171745,3,2,3,2,3,2,128.32049382716048,0,
9242,0.4600000000000001,0.375,0.560196326034643,3,2,4,2,3,2,36.76901234567901,0,
9243,0.62,0.4444444444444444,0.18662844516109767,3,2,4,2,3,2,960.1823765432099,0,
9244,0.4600000000000001,0.0,0.5953276766376705,3,1,3,1,3,1,39.771203703703705,1,7065.879444444445
9246,0.54,0.5,0.1429446493503107,3,2,4,2,3,2,50.41780864197531,1,2711.9883333333332
9247,0.42000000000000004,0.0,0.08851895891134898,2,0,3,0,2,0,1705.7740432098767,0,
9248,0.17999999999999994,0.0,0.12070759625390237,2,1,2,1,2,1,189.03925925925927,1,3581.3225
9249,0.62,0.6111111111111112,0.28876033057851247,3,3,3,3,3,3,38.532870370370375,1,3647.6272222222224
9251,0.17999999999999994,0.0,0.5322579290065111,2,1,3,1,2,1,28.559197530864196,1,1537.1997222222221
9252,0.4600000000000001,0.44897959183673464,0.08620586439338618,3,3,3,3,3,3,13.215555555555556,1,1762.6961111111111
9253,0.33999999999999986,0.0,0.10162969669533728,3,1,3,1,3,1,185.40462962962962,1,3044.5911111111113
9254,0.5,0.5,0.17496604798551374,2,2,3,2,2,2,256.2904320987654,1,12378.416944444445
9255,0.31999999999999984,0.4444444444444444,0.19077817413132503,2,2,3,2,2,2,434.2621913580247,1,7354.635277777777
9256,0.62,0.625,0.286290322580645,3,3,3,3,3,3,91.32592592592592,1,5110.959444444445
9257,0.31999999999999984,0.5,0.0,2,2,1,2,1,1,4976.246759259259,1,19299.76
9258,0.54,0.24489795918367352,0.23256850077968383,3,2,2,2,2,2,623.2761419753086,0,
9259,0.56,0.375,0.18533205591051283,3,2,4,2,3,2,211.9464814814815,0,
9260,0.33999999999999986,0.375,0.31979056764518365,3,2,4,2,3,2,1229.7008024691359,0,
9280,0.31999999999999984,0.2777777777777777,0.2998418072918979,2,2,3,2,2,2,87.99645061728395,1,2705.626111111111
9281,0.56,0.375,0.12278630460448647,3,2,3,2,3,2,380.8434259259259,1,5081.200833333333
9282,0.31999999999999984,0.0,0.5910420000000001,2,1,3,1,2,1,27.588364197530865,0,
9283,0.4600000000000001,0.375,0.4739713582868049,3,2,3,2,3,2,43.62626543209877,0,
9284,0.42000000000000004,0.31999999999999984,0.6757705092953584,2,2,4,2,2,2,434.5166358024692,0,
9286,0.33999999999999986,0.0,0.3508611492150586,3,1,3,1,2,1,480.57395061728397,1,9444.944166666666
9287,0.31999999999999984,0.31999999999999984,0.6114679263832064,2,2,4,2,2,2,340.05780864197527,0,
9288,0.4600000000000001,0.4444444444444444,0.490949935695687,3,2,4,2,3,2,36.35509259259259,1,9897.549444444445
9289,0.48,0.375,0.2523413111342352,2,2,3,2,2,2,30.274259259259257,1,3611.715277777778
9290,0.56,0.0,0.1717633393096134,3,1,4,1,3,1,49.21413580246913,1,1609.2147222222222
9291,0.54,0.5,0.14615740740740735,3,2,4,2,3,2,132.31037037037038,0,
9292,0.54,0.4444444444444444,0.19775037392021,3,2,4,2,3,2,1114.731635802469,0,
9296,0.48,0.2777777777777777,0.0996351014595942,2,2,3,2,2,2,1235.7340123456788,0,
9297,0.0,0.0,0.5836433202253162,1,1,4,1,1,1,204.69290123456793,0,
9305,0.62,0.5,0.45970679012345683,3,2,3,2,3,2,11.790771604938273,1,218.26277777777779
9306,0.17999999999999994,0.0,0.5596751189508362,2,0,4,0,2,0,486.65354938271605,0,
9334,0.62,0.6111111111111112,0.21351351351351355,3,3,4,3,3,3,834.1461111111112,0,
9345,0.5,0.31999999999999984,0.40282113539137465,2,2,2,2,2,2,433.45052469135805,0,
9356,0.5,0.48979591836734704,0.3770182586389015,2,2,4,2,2,2,128.25148148148148,1,7258.326388888889
9357,0.4600000000000001,0.31999999999999984,0.6355804061695816,3,2,4,2,3,2,43.248580246913576,1,1364.588888888889
9359,0.4600000000000001,0.4444444444444444,0.4543475105240238,3,2,4,2,3,2,2605.9969135802467,0,
9361,0.62,0.625,0.3167363813090319,3,3,4,3,3,3,137.73003086419754,0,
9378,0.4600000000000001,0.0,0.5762078394711028,3,1,3,1,3,1,42.49395061728395,0,
9381,0.17999999999999994,0.0,0.5978990584514197,2,1,3,1,2,1,310.7518209876543,0,
9385,0.48,0.31999999999999984,0.09972299168975085,2,2,2,2,2,2,125.57543209876543,0,
9386,0.42000000000000004,0.375,0.07262370950516206,2,2,2,2,2,2,19.093364197530864,1,4119.928055555555
9401,0.64,0.6122448979591837,0.5387666337929813,4,3,5,3,4,3,157.55385802469135,0,
9487,0.33999999999999986,0.0,0.5691397193280658,3,0,3,0,3,0,98.79873456790123,0,
9590,0.0,0.0,0.0,1,1,0,1,0,0,292.84984567901233,0,
9639,0.0,0.0,0.0,1,0,0,0,0,0,2353.2920679012345,0,
9663,0.0,0.0,0.0,1,0,1,0,1,0,2415.9207407407407,0,
9674,0.0,0.0,0.0,1,1,1,1,1,1,2006.2287037037036,0,
9676,0.17999999999999994,0.0,0.0,2,1,1,1,1,1,146.59858024691357,0,
9738,0.0,0.0,0.0,1,1,1,1,1,1,693.5798765432098,0,
9806,0.0,0.0,0.0,1,1,0,1,0,0,4.731265432098765,0,
9825,0.0,0.0,0.0,1,1,1,1,1,1,245.34731481481484,1,4994.259444444445
9828,0.0,0.0,0.08710696049449074,1,1,3,1,1,1,835.1657098765432,0,
9829,0.0,0.0,0.35502653183013166,1,1,3,1,1,1,265.9610802469136,0,
9843,0.31999999999999984,0.0,0.3094650205761318,2,1,4,1,2,1,151.62762345679013,1,1918.3922222222222
9845,0.17999999999999994,0.19753086419753085,0.5605042611612459,2,2,4,2,2,2,3785.0625,0,
9846,0.42000000000000004,0.4444444444444444,0.5722846161273633,2,2,4,2,2,2,41.44092592592593,0,
9853,0.17999999999999994,0.0,0.5355976600784955,2,1,3,1,2,1,148.94438271604938,0,
9859,0.17999999999999994,0.0,0.0,2,0,1,0,1,0,74.04132716049382,1,12157.672222222222
9860,0.17999999999999994,0.0,0.33310905232648413,2,1,4,1,2,1,159.83984567901237,1,6301.746944444444
9922,0.54,0.5,0.5380389859480454,3,2,5,2,3,2,765.7066358024691,0,
9926,0.56,0.625,0.6238875044499822,3,3,4,3,3,3,1148.8334567901234,0,
9942,0.33999999999999986,0.31999999999999984,0.3922173784447617,3,2,4,2,3,2,1604.4830864197531,0,
9963,0.48,0.4444444444444444,0.3188888888888889,2,2,4,2,2,2,260.3433333333333,1,10059.85861111111
9965,0.42000000000000004,0.4444444444444444,0.5065018017485823,2,2,4,2,2,2,300.09854938271604,0,
9968,0.42000000000000004,0.0,0.06272401433691743,2,1,3,1,2,1,838.1288580246913,0,
9969,0.42000000000000004,0.0,0.11041062892845044,2,1,3,1,2,1,86.15935185185185,1,6320.576666666667
9982,0.17999999999999994,0.375,0.6144640998959418,2,2,4,2,2,2,1758.8019444444444,0,
9996,0.48,0.0,0.40821069667657794,2,1,4,1,2,1,112.88456790123456,0,
10033,0.31999999999999984,0.5,0.5143320944935709,2,2,3,2,2,2,1729.1371296296297,0,
10034,0.62,0.6399999999999999,0.7034438775510204,3,3,4,3,3,3,1108.5952777777777,0,
10035,0.42000000000000004,0.2777777777777777,0.3512243779593496,2,2,4,2,2,2,523.3178703703703,1,6025.614166666666
10116,0.0,0.0,0.0,1,0,0,0,0,0,0.0,1,2022.6238888888888
10120,0.4600000000000001,0.5,0.5925925925925926,3,2,3,2,3,2,1399.7458333333334,0,
10123,0.48,0.48,0.26758089954251074,2,2,4,2,2,2,210.32907407407407,0,
10135,0.31999999999999984,0.40816326530612246,0.5060444444444445,2,2,3,2,2,2,1674.0212962962964,0,
10139,0.31999999999999984,0.0,0.552474960081289,2,1,4,1,2,1,1223.828950617284,0,
10140,0.0,0.0,0.4820449121753354,1,1,5,1,1,1,183.2105864197531,1,3661.6794444444445
10141,0.62,0.53125,0.591206491214699,3,3,4,3,3,3,944.933024691358,0,
10143,0.58,0.5,0.2674788135593221,3,2,4,2,3,2,1108.8683641975308,0,
10144,0.31999999999999984,0.375,0.7043895747599451,2,2,4,2,2,2,1270.931913580247,0,
10145,0.42000000000000004,0.375,0.3106508875739644,2,2,2,2,2,2,1505.6502469135803,0,
10146,0.4600000000000001,0.4444444444444444,0.10939357907253278,3,2,3,2,2,2,1124.9292592592592,0,
10149,0.33999999999999986,0.0,0.1457251058142126,3,1,4,1,3,1,581.9022530864197,0,
10151,0.17999999999999994,0.0,0.561744988444328,2,1,4,1,2,1,1193.4826543209879,0,
10153,0.5800000000000001,0.31999999999999984,0.5287798060966024,4,2,4,2,4,2,763.4234259259259,0,
10155,0.58,0.0,0.6215277777777778,3,1,4,1,3,1,1008.2246296296296,0,
10158,0.31999999999999984,0.0,0.5951557093425606,2,1,3,1,2,1,976.0204012345679,0,
10160,0.17999999999999994,0.0,0.40033606385213183,2,1,5,1,2,1,170.2531790123457,0,
10162,0.62,0.6399999999999999,0.21992665378908782,3,3,4,3,3,3,456.0436419753086,0,
10163,0.4600000000000001,0.4444444444444444,0.29701323251417777,3,2,3,2,2,2,1758.333148148148,0,
10166,0.6599999999999999,0.6111111111111112,0.30716959635416674,3,3,4,3,3,3,52.656018518518515,1,6707.586666666667
10168,0.42000000000000004,0.0,0.40530612244897957,2,1,5,1,2,1,350.944012345679,0,
10171,0.5,0.5,0.48366961823196397,2,2,4,2,2,2,143.28200617283952,0,
10408,0.0,0.0,0.0,1,1,1,1,1,1,2277.210154320988,0,
11050,0.17999999999999994,0.0,0.0,2,1,1,1,1,1,330.53762345679013,1,19894.825833333332
11051,0.33999999999999986,0.31999999999999984,0.20665709559626733,3,2,5,2,3,2,425.4136419753086,1,14346.765555555556
11052,0.33999999999999986,0.0,0.25154528352593397,3,1,4,1,3,1,1676.9711728395062,0,
11055,0.17999999999999994,0.0,0.4848822992877797,2,1,3,1,2,1,1104.5818827160494,0,
11058,0.0,0.0,0.0,1,1,1,1,1,1,43.744969135802464,1,4187.285
11059,0.17999999999999994,0.0,0.15359653866955114,2,1,4,1,2,1,24.575246913580248,0,
11060,0.31999999999999984,0.24489795918367352,0.14654293933573215,2,2,4,2,2,2,161.8507098765432,0,
11062,0.17999999999999994,0.0,0.5,2,1,3,1,2,1,46.36101851851851,1,627.5888888888888
11064,0.0,0.0,0.0,1,1,1,1,1,1,205.8120987654321,1,6970.264722222222
11065,0.17999999999999994,0.0,0.1890138408304498,2,1,3,1,2,1,16.94614197530864,1,2726.5955555555556
11066,0.0,0.0,0.0,1,1,1,1,1,1,9.99287037037037,0,
11067,0.0,0.0,0.0,1,1,1,1,1,1,203.6208950617284,1,7446.1725
11068,0.0,0.0,0.05551020408163265,1,1,2,1,1,1,163.81515432098763,0,
11069,0.4600000000000001,0.0,0.2409679999312011,3,1,4,1,3,1,57.07962962962963,1,2393.548888888889
11070,0.0,0.0,0.0,1,1,1,1,1,1,198.8629938271605,1,7184.387777777778
11071,0.17999999999999994,0.0,0.19010416666666663,2,1,3,1,2,1,160.01626543209875,1,1992.8483333333334
11072,0.17999999999999994,0.0,0.14196442877743942,2,1,3,1,1,1,131.67645061728396,1,4361.712222222222
11074,0.0,0.0,0.0,1,1,1,1,1,1,15.312993827160495,1,2003.4555555555555
11075,0.17999999999999994,0.0,0.267672325844831,2,1,4,1,2,1,40.6020061728395,1,1440.1555555555556
11076,0.0,0.0,0.0,1,1,1,1,1,1,34.85074074074074,1,1824.2883333333334
11077,0.17999999999999994,0.0,0.19451530612244894,2,1,3,1,1,1,3.5716975308641974,1,2494.581111111111
11081,0.0,0.0,0.0,1,1,1,1,1,1,12.650771604938273,1,1104.9347222222223
11083,0.0,0.0,0.02739197530864179,1,1,2,1,1,1,26.05364197530864,1,1886.4891666666667
11088,0.0,0.0,0.06147644242882344,1,1,2,1,1,1,319.08540123456794,0,
11089,0.0,0.0,0.019997959391898634,1,1,2,1,1,1,79.76462962962964,1,1552.6769444444444
11090,0.58,0.48,0.27514631415811086,3,2,4,2,3,2,28.305833333333332,0,
11091,0.42000000000000004,0.4444444444444444,0.16890087859498704,2,2,4,2,2,2,88.83617283950618,0,
11092,0.0,0.0,0.032777777777777795,1,1,2,1,1,1,104.20135802469136,1,5799.165277777778
11093,0.17999999999999994,0.0,0.21760000000000002,2,1,3,1,1,1,11.293395061728393,1,2445.67
11094,0.4600000000000001,0.4444444444444444,0.21615704937537183,3,2,4,2,3,2,268.00666666666666,0,
11095,0.31999999999999984,0.0,0.1890138408304498,2,1,3,1,2,1,26.095586419753086,1,2680.4538888888887
11096,0.17999999999999994,0.0,0.18776712885874125,2,1,4,1,2,1,9.42756172839506,1,931.8505555555555
11097,0.0,0.0,0.0,1,1,1,1,1,1,15.77395061728395,1,2856.1344444444444
11098,0.0,0.0,0.0,1,1,1,1,1,1,112.24888888888889,1,4080.1530555555555
11099,0.4600000000000001,0.0,0.2213711911357341,3,0,4,0,3,0,81.04027777777777,0,
11100,0.17999999999999994,0.0,0.061318074831588465,2,1,3,1,2,1,52.53231481481482,1,2485.1144444444444
11101,0.17999999999999994,0.0,0.177227903579255,2,1,4,1,2,1,574.9314197530864,0,
11103,0.42000000000000004,0.0,0.13904206580591416,2,1,4,1,1,1,39.75370370370371,0,
11104,0.0,0.0,0.0,1,1,1,1,1,1,16.10533950617284,0,
11105,0.17999999999999994,0.0,0.14295841209829863,2,1,3,1,2,1,185.8943209876543,1,3633.1344444444444
11106,0.17999999999999994,0.0,0.13520408163265307,2,1,3,1,2,1,31.06854938271605,1,3234.6483333333335
11107,0.0,0.0,0.0,1,1,1,1,1,1,212.1557098765432,0,
11108,0.17999999999999994,0.0,0.15723593964334714,2,1,4,1,2,1,344.26601851851854,0,
11109,0.17999999999999994,0.0,0.11270390509144834,2,1,4,1,2,1,117.42546296296297,1,2399.3219444444444
11111,0.33999999999999986,0.0,0.14381244214625433,3,1,4,1,3,1,65.1624074074074,0,
11112,0.0,0.0,0.0,1,1,1,1,1,1,15.290401234567902,1,1393.7613888888889
11113,0.17999999999999994,0.0,0.0,2,1,1,1,1,1,96.01484567901234,0,
11114,0.4600000000000001,0.2777777777777777,0.18898784246159817,3,2,4,2,3,2,125.89484567901235,0,
11115,0.0,0.0,0.018689925240299,1,1,2,1,1,1,17.124907407407406,1,1713.3922222222222
11116,0.0,0.0,0.17766003460207613,1,1,4,1,1,1,135.31472222222223,0,
11117,0.42000000000000004,0.4444444444444444,0.2134842951059167,2,2,4,2,2,2,27.32719135802469,0,
11118,0.17999999999999994,0.0,0.12204142011834318,2,1,3,1,1,1,62.2504938271605,1,1306.2291666666667
11119,0.17999999999999994,0.0,0.12910489772940525,2,1,3,1,1,1,23.240925925925925,1,1977.3572222222222
11120,0.0,0.0,0.0,1,1,0,1,0,0,36.10743827160494,1,5970.681388888889
11121,0.0,0.0,0.0,1,1,1,1,1,1,25.887006172839506,1,4714.9655555555555
11123,0.0,0.0,0.1172160295015624,1,1,3,1,1,1,59.291234567901235,0,
11124,0.33999999999999986,0.0,0.3108268887566925,3,1,3,1,3,1,41.06015432098766,0,
11125,0.17999999999999994,0.0,0.2650000000000001,2,1,3,1,1,1,46.58373456790123,1,3012.991388888889
11126,0.17999999999999994,0.375,0.09809750297265163,2,2,2,2,2,2,482.7693209876543,0,
11127,0.4600000000000001,0.2777777777777777,0.32353400336992144,3,2,4,2,3,2,260.57413580246913,0,
11128,0.17999999999999994,0.0,0.11705532693187026,2,1,3,1,1,1,30.584074074074074,1,4527.0125
11129,0.17999999999999994,0.0,0.14911626683040213,2,1,3,1,1,1,279.89336419753084,0,
11131,0.33999999999999986,0.625,0.16952187462337087,3,3,3,3,3,3,29.862654320987655,1,2142.7077777777777
11133,0.17999999999999994,0.0,0.1630923828364349,2,1,3,1,1,1,13.028765432098766,0,
11134,0.17999999999999994,0.0,0.1890138408304498,2,1,3,1,1,1,91.56351851851852,1,3484.3902777777776
11135,0.48,0.46875,0.45700080623488315,2,2,3,2,2,2,8.857098765432099,0,
11137,0.0,0.0,0.2165771519814198,1,1,3,1,1,1,449.41941358024695,0,
11138,0.0,0.0,0.06622040816326524,1,1,2,1,1,1,40.71861111111111,0,
11139,0.17999999999999994,0.0,0.19872711111111108,2,1,4,1,2,1,18.926882716049384,1,782.4497222222222
11140,0.17999999999999994,0.375,0.07922234076783696,2,2,3,2,2,2,23.565771604938273,0,
11141,0.5800000000000001,0.31999999999999984,0.22804132040627878,4,2,4,2,4,2,219.30456790123458,0,
11142,0.0,0.0,0.0,1,1,1,1,1,1,341.313549382716,0,
11143,0.0,0.0,0.0,1,1,1,1,1,1,216.52648148148148,0,
11144,0.0,0.0,0.0,1,1,1,1,1,1,256.2217592592593,1,4219.525277777778
11145,0.0,0.0,0.0,1,1,1,1,1,1,54.32592592592593,0,
11147,0.17999999999999994,0.0,0.15800554016620516,2,1,4,1,2,1,241.7591975308642,0,
11148,0.0,0.0,0.07535563244905807,1,1,2,1,1,1,562.0638271604938,0,
11149,0.17999999999999994,0.0,0.625,2,0,3,0,1,0,14.327808641975308,1,5402.551944444444
11152,0.0,0.0,0.022724270048883666,1,0,2,0,1,0,68.78679012345678,0,
11153,0.31999999999999984,0.0,0.19996032533227526,2,1,2,1,2,1,167.56006172839506,0,
11155,0.0,0.0,0.0,1,1,1,1,1,1,20.93854938271605,1,1600.1372222222221
11156,0.0,0.0,0.0,1,1,1,1,1,1,19.59354938271605,1,2345.0286111111113
11157,0.4600000000000001,0.24489795918367352,0.4444444444444444,3,2,3,2,2,1,22.717006172839504,1,6507.338333333333
11159,0.33999999999999986,0.0,0.30762226847034335,3,1,3,1,3,1,767.0175308641975,0,
11160,0.17999999999999994,0.0,0.031242126480221843,2,1,2,1,2,1,153.72012345679013,0,
11161,0.42000000000000004,0.48,0.515,2,2,3,2,2,2,533.1046604938272,0,
11238,0.33999999999999986,0.0,0.6003376930524913,3,1,3,1,3,1,35.124660493827164,1,3397.677222222222
11239,0.56,0.24489795918367352,0.5907465202174158,3,2,3,2,3,2,741.6287654320987,1,9174.495277777778
11240,0.0,0.0,0.0,1,1,1,1,1,1,1399.85487654321,0,
11245,0.17999999999999994,0.0,0.5526859504132231,2,1,3,1,2,1,287.8658950617284,1,8488.588055555556
11247,0.42000000000000004,0.5,0.48515096306582706,2,2,4,2,2,2,72.7208950617284,1,7659.833888888889
11248,0.0,0.0,0.0,1,0,0,0,0,0,0.0,1,8904.19638888889
11249,0.0,0.0,0.0,1,0,0,0,0,0,0.0,1,2522.1041666666665
11250,0.0,0.0,0.0,1,0,1,0,1,0,0.0,0,
11254,0.0,0.0,0.4807904724729879,1,1,4,1,1,1,295.61675925925925,1,5461.558333333333
11255,0.7,0.0,0.2354751994450226,4,1,5,1,4,1,492.2410802469136,1,6717.002222222222
11257,0.54,0.4444444444444444,0.20346031038835666,3,2,4,2,3,2,236.5663271604938,1,9045.271388888888
11264,0.17999999999999994,0.0,0.5340580747605165,2,1,4,1,2,1,22.281697530864196,1,1785.0380555555555
11265,0.0,0.0,0.45496340776881217,1,1,3,1,1,1,183.53716049382714,1,6192.4863888888885
11266,0.5,0.4444444444444444,0.13664533096969667,2,2,4,2,2,2,89.65172839506174,1,1309.1358333333333
11267,0.42000000000000004,0.0,0.6239225432137545,2,1,4,1,2,1,1019.6006790123457,0,
