topic_id,frontiers,lambda_frontiers,non_adopters,nodes,edges
7152,29,0,29,1602,359163
7153,29,0,29,1602,359163
7154,29,0,29,1602,359163
7155,29,0,29,1602,359163
7156,29,0,29,1602,359163
7157,29,0,29,1602,359163
7160,29,0,29,1602,359163
7161,29,0,29,1602,359163
7162,29,0,29,1602,359163
7163,29,0,29,1602,359163
7164,29,0,29,1602,359163
7165,29,0,29,1602,359163
7171,29,0,29,1602,359163
7172,29,0,29,1602,359163
7173,29,0,29,1602,359163
7174,29,0,29,1602,359163
7176,29,0,29,1602,359163
7177,29,0,29,1602,359163
7178,29,0,29,1602,359163
7179,29,0,29,1602,359163
7180,29,0,29,1602,359163
7181,29,0,29,1602,359163
7182,148,0,148,356,11161
7183,29,0,29,1602,359163
7184,29,0,29,1602,359163
7185,29,0,29,1602,359163
7186,29,0,29,1602,359163
7187,29,0,29,1602,359163
7188,29,0,29,1602,359163
7190,29,0,29,1602,359163
7191,29,0,29,1602,359163
7192,1059,0,1059,1499,318626
7193,1250,0,1250,1574,350084
7194,790,2,788,1226,217592
7195,1033,0,1033,1371,265443
7196,29,0,29,1602,359163
7197,29,0,29,1602,359163
7198,29,0,29,1602,359163
7199,29,0,29,1602,359163
7200,29,0,29,1602,359163
7202,29,0,29,1602,359163
7205,29,0,29,1602,359163
7206,29,0,29,1602,359163
7207,29,0,29,1602,359163
7209,29,0,29,1602,359163
7211,29,0,29,1602,359163
7214,29,0,29,1602,359163
7216,29,0,29,1602,359163
7217,29,0,29,1602,359163
7218,29,0,29,1602,359163
7219,8,0,8,1525,328528
7220,53,0,53,1602,359163
7221,1207,3,1204,1597,358321
7222,997,0,997,1246,223476
7224,1210,1,1209,1546,338043
7225,883,0,883,1276,232229
7226,1155,0,1155,1541,335247
7227,29,0,29,1602,359163
7228,199,0,199,401,15874
7229,162,0,162,1546,338043
7230,122,0,122,1602,359163
7232,893,1,892,1246,223476
7233,29,0,29,1602,359163
7235,74,0,74,1602,359163
7236,159,0,159,1525,328528
7237,534,0,534,1525,328528
7238,1011,1,1010,1401,277922
7239,947,0,947,1226,217592
7240,68,0,68,1602,359163
7241,29,0,29,1602,359163
7242,29,0,29,1602,359163
7243,29,0,29,1602,359163
7244,29,0,29,1602,359163
7245,29,0,29,1602,359163
7246,29,0,29,1602,359163
7247,29,0,29,1602,359163
7248,29,0,29,1602,359163
7249,29,0,29,1602,359163
7250,1061,2,1059,1285,235379
7252,968,1,967,1246,223476
7253,744,0,744,1087,174299
7254,29,0,29,1602,359163
7256,497,0,497,821,99972
7257,29,0,29,1602,359163
7259,29,0,29,1602,359163
7260,29,0,29,1602,359163
7262,29,0,29,1602,359163
7263,29,0,29,1602,359163
7264,29,0,29,1602,359163
7268,29,0,29,1602,359163
7269,29,0,29,1602,359163
7270,6,0,6,1476,310168
7272,978,1,977,1285,235379
7273,29,0,29,1602,359163
7274,29,0,29,1602,359163
7275,29,0,29,1602,359163
7278,775,0,775,1403,278387
7280,29,0,29,1602,359163
7281,29,0,29,1602,359163
7282,29,0,29,1602,359163
7284,53,0,53,257,3832
7285,29,0,29,1602,359163
7286,1008,0,1008,1405,279232
7287,1017,0,1017,1246,223476
7288,513,0,513,1472,308376
7290,29,0,29,1602,359163
7292,29,0,29,1602,359163
7293,1059,2,1057,1285,235379
7296,161,0,161,1546,338043
7297,326,0,326,1440,295133
7298,848,0,848,1276,232229
7300,1072,0,1072,1390,273867
7302,29,0,29,1602,359163
7303,29,0,29,1602,359163
7305,29,0,29,1602,359163
7306,29,0,29,1602,359163
7307,29,0,29,1602,359163
7308,29,0,29,1602,359163
7309,29,0,29,1602,359163
7314,857,0,857,1246,223476
7316,532,1,531,838,105649
7318,945,0,945,1599,358556
7319,669,0,669,1602,359163
7320,29,0,29,1602,359163
7321,4,0,4,1415,284791
7322,494,0,494,1415,284791
7323,231,0,231,438,20730
7324,953,1,952,1285,235379
7327,29,0,29,1602,359163
7328,29,0,29,1602,359163
7329,29,0,29,1602,359163
7330,29,0,29,1602,359163
7331,29,0,29,1602,359163
7332,29,0,29,1602,359163
7333,29,0,29,1602,359163
7335,159,0,159,1602,359163
7336,262,0,262,1602,359163
7337,1000,0,1000,1246,223476
7338,29,0,29,1602,359163
7339,29,0,29,1602,359163
7340,29,0,29,1602,359163
7342,147,0,147,356,11161
7343,635,0,635,1300,240859
7345,855,0,855,1276,232229
7347,985,0,985,1371,265443
7348,29,0,29,1602,359163
7350,145,0,145,356,11161
7351,29,0,29,1602,359163
7352,29,0,29,1602,359163
7353,29,0,29,1602,359163
7354,29,0,29,1602,359163
7355,29,0,29,1602,359163
7356,29,0,29,1602,359163
7357,29,0,29,1602,359163
7359,29,0,29,1602,359163
7360,180,0,180,1602,359163
7361,29,0,29,1602,359163
7363,1,0,1,199,1783
7364,29,0,29,1602,359163
7366,29,0,29,1602,359163
7367,29,0,29,1602,359163
7368,29,0,29,1602,359163
7369,29,0,29,1602,359163
7373,29,0,29,1602,359163
7374,29,0,29,1602,359163
7375,29,0,29,1602,359163
7376,29,0,29,1602,359163
7377,1133,0,1133,1385,272233
7380,29,0,29,1602,359163
7381,29,0,29,1602,359163
7382,29,0,29,1602,359163
7383,29,0,29,1602,359163
7384,29,0,29,1602,359163
7385,29,0,29,1602,359163
7386,29,0,29,1602,359163
7387,29,0,29,1602,359163
7388,204,0,204,1602,359163
7389,589,0,589,1378,269413
7391,75,0,75,1602,359163
7392,75,0,75,1602,359163
7393,1109,0,1109,1371,265443
7394,75,0,75,1602,359163
7395,75,0,75,1602,359163
7396,75,0,75,1602,359163
7397,48,0,48,247,3317
7398,1,0,1,199,1783
7400,1,0,1,199,1783
7402,1,0,1,199,1783
7404,1,0,1,199,1783
7405,1,0,1,199,1783
7407,1,0,1,199,1783
7410,29,0,29,1602,359163
7413,29,0,29,1602,359163
7414,29,0,29,1602,359163
7415,29,0,29,1602,359163
7417,29,0,29,1602,359163
7418,29,0,29,1602,359163
7419,29,0,29,1602,359163
7420,29,0,29,1602,359163
7421,29,0,29,1602,359163
7422,29,0,29,1602,359163
7423,29,0,29,1602,359163
7424,29,0,29,1602,359163
7425,29,0,29,1602,359163
7426,29,0,29,1602,359163
7427,29,0,29,1602,359163
7428,29,0,29,1602,359163
7429,29,0,29,1602,359163
7430,29,0,29,1602,359163
7431,29,0,29,1602,359163
7433,1,0,1,199,1783
7434,29,0,29,1602,359163
7435,29,0,29,1602,359163
7436,29,0,29,1602,359163
7437,29,0,29,1602,359163
7438,29,0,29,1602,359163
7440,272,0,272,1602,359163
7441,29,0,29,1602,359163
7442,29,0,29,1602,359163
7443,29,0,29,1602,359163
7444,29,0,29,1602,359163
7445,29,0,29,1602,359163
7446,29,0,29,1602,359163
7449,1,0,1,199,1783
7450,1,0,1,199,1783
7451,1,0,1,199,1783
7452,1,0,1,199,1783
7456,29,0,29,1602,359163
7457,29,0,29,1602,359163
7459,272,0,272,1602,359163
7460,29,0,29,1602,359163
7462,29,0,29,1602,359163
7465,29,0,29,1602,359163
7469,962,0,962,1300,240859
7471,29,0,29,1602,359163
7473,29,0,29,1602,359163
7474,29,0,29,1602,359163
7476,29,0,29,1602,359163
7477,29,0,29,1602,359163
7478,1051,0,1051,1400,277028
7480,29,0,29,1602,359163
7481,29,0,29,1602,359163
7482,29,0,29,1602,359163
7483,29,0,29,1602,359163
7484,29,0,29,1602,359163
7485,29,0,29,1602,359163
7487,29,0,29,1602,359163
7488,29,0,29,1602,359163
7491,29,0,29,1602,359163
7492,29,0,29,1602,359163
7493,29,0,29,1602,359163
7495,29,0,29,1602,359163
7496,29,0,29,1602,359163
7497,29,0,29,1602,359163
7498,29,0,29,1602,359163
7500,29,0,29,1602,359163
7501,29,0,29,1602,359163
7503,29,0,29,1602,359163
7504,29,0,29,1602,359163
7505,29,0,29,1602,359163
7506,29,0,29,1602,359163
7508,1035,0,1035,1371,265443
7509,29,0,29,1602,359163
7510,29,0,29,1602,359163
7511,29,0,29,1602,359163
7513,29,0,29,1602,359163
7514,29,0,29,1602,359163
7515,29,0,29,1602,359163
7516,29,0,29,1602,359163
7517,29,0,29,1602,359163
7519,29,0,29,1602,359163
7520,29,0,29,1602,359163
7521,29,0,29,1602,359163
7522,29,0,29,1602,359163
7523,137,0,137,356,11161
7524,137,0,137,356,11161
7527,29,0,29,1602,359163
7529,29,0,29,1602,359163
7530,29,0,29,1602,359163
7531,29,0,29,1602,359163
7532,29,0,29,1602,359163
7534,29,0,29,1602,359163
7535,29,0,29,1602,359163
7538,29,0,29,1602,359163
7540,29,0,29,1602,359163
7541,29,0,29,1602,359163
7542,29,0,29,1602,359163
7543,29,0,29,1602,359163
7545,535,0,535,894,120191
7546,1007,0,1007,1285,235379
7549,29,0,29,1602,359163
7552,29,0,29,1602,359163
7554,414,0,414,1226,217592
7556,414,0,414,1226,217592
7557,414,0,414,1226,217592
7558,414,0,414,1226,217592
7561,414,0,414,1226,217592
7564,414,0,414,1226,217592
7565,414,0,414,1226,217592
7567,984,0,984,1337,252362
7568,987,1,986,1371,265443
7569,1029,0,1029,1305,242647
7570,1019,0,1019,1302,241546
7571,1004,0,1004,1276,232229
7572,1117,1,1116,1400,277028
7573,19,0,19,1287,235922
7574,635,1,634,1371,265443
7575,1024,0,1024,1300,240859
7577,552,0,552,1202,209764
7578,995,0,995,1276,232229
7579,989,0,989,1276,232229
7580,705,2,703,1520,326605
7581,410,0,410,671,62610
7582,1109,0,1109,1400,277028
7583,857,0,857,1246,223476
7584,173,0,173,1300,240859
7585,137,0,137,356,11161
7586,137,0,137,356,11161
7587,1019,3,1016,1371,265443
7588,989,0,989,1276,232229
7589,861,1,860,1246,223476
7590,1,0,1,1088,174375
7591,861,0,861,1252,224753
7592,1003,0,1003,1276,232229
7593,137,0,137,356,11161
7594,866,0,866,1246,223476
7595,857,0,857,1246,223476
7596,1113,0,1113,1520,326605
7597,557,0,557,1255,225518
7598,560,0,560,1255,225518
7599,1064,0,1064,1285,235379
7600,873,1,872,1246,223476
7601,991,0,991,1374,267697
7603,989,0,989,1276,232229
7604,996,0,996,1276,232229
7605,997,0,997,1276,232229
7606,987,0,987,1371,265443
7608,1195,0,1195,1557,343552
7609,59,2,57,264,4218
7610,989,0,989,1276,232229
7611,1017,0,1017,1371,265443
7612,1004,0,1004,1276,232229
7613,857,0,857,1246,223476
7614,1138,0,1138,1469,306683
7616,891,0,891,1241,221526
7618,926,0,926,1269,229005
7619,989,0,989,1276,232229
7620,702,3,699,1371,265443
7621,1064,0,1064,1414,284765
7622,989,0,989,1276,232229
7623,989,0,989,1276,232229
7625,137,0,137,356,11161
7626,916,0,916,1300,240859
7628,864,0,864,1252,224753
7629,1002,0,1002,1276,232229
7630,1002,0,1002,1276,232229
7631,1042,0,1042,1390,273867
7632,861,0,861,1251,224699
7633,998,0,998,1276,232229
7634,1005,0,1005,1276,232229
7635,990,0,990,1276,232229
7636,923,0,923,1276,232229
7637,1004,0,1004,1276,232229
7638,916,0,916,1300,240859
7640,990,0,990,1276,232229
7641,1005,0,1005,1276,232229
7642,1005,0,1005,1276,232229
7643,1004,0,1004,1276,232229
7644,1005,0,1005,1276,232229
7645,812,3,809,1152,194358
7647,876,0,876,1246,223476
7648,993,0,993,1400,277028
7649,1138,2,1136,1414,284765
7650,532,0,532,1273,230165
7651,135,0,135,333,9155
7653,593,2,591,1231,219655
7654,248,5,243,528,35794
7655,834,0,834,1152,194358
7657,857,0,857,1246,223476
7658,857,0,857,1246,223476
7660,857,0,857,1246,223476
7661,860,0,860,1246,223476
7662,987,0,987,1371,265443
7663,1049,2,1047,1400,277028
7664,857,0,857,1246,223476
7665,857,0,857,1246,223476
7666,857,0,857,1246,223476
7667,857,0,857,1246,223476
7668,857,0,857,1246,223476
7669,857,0,857,1246,223476
7670,137,0,137,356,11161
7673,137,0,137,356,11161
7674,137,0,137,356,11161
7675,137,0,137,356,11161
7676,1099,0,1099,1400,277028
7677,989,0,989,1276,232229
7678,1099,0,1099,1400,277028
7679,857,0,857,1246,223476
7680,857,0,857,1246,223476
7681,857,0,857,1246,223476
7682,1034,0,1034,1300,240859
7683,707,0,707,1371,265443
7684,1015,1,1014,1371,265443
7685,993,0,993,1371,265443
7686,923,0,923,1246,223476
7687,992,0,992,1246,223476
7688,677,0,677,1226,217592
7689,999,2,997,1276,232229
7690,969,0,969,1294,238179
7691,761,0,761,1107,179446
7692,972,2,970,1285,235379
7693,860,0,860,1246,223476
7694,948,0,948,1295,238480
7695,1009,1,1008,1276,232229
7698,811,2,809,1371,265443
7699,184,0,184,449,21866
7700,997,2,995,1276,232229
7701,962,1,961,1300,240859
7702,1170,2,1168,1597,358321
7703,873,0,873,1246,223476
7704,871,4,867,1246,223476
7705,966,1,965,1246,223476
7706,146,0,146,356,11161
7707,568,0,568,1229,218620
7708,1062,2,1060,1285,235379
7709,810,0,810,1318,246571
7710,564,0,564,1148,192459
7711,882,0,882,1269,229005
7712,1022,1,1021,1371,265443
7713,699,0,699,1269,229005
7714,221,0,221,618,51954
7715,1001,0,1001,1276,232229
7716,180,0,180,573,43765
7717,988,0,988,1246,223476
7718,947,3,944,1246,223476
7719,622,1,621,1226,217592
7720,829,0,829,1226,217592
7721,322,1,321,544,38525
7722,639,0,639,913,126421
7723,19,1,18,218,2188
7724,966,0,966,1285,235379
7725,1003,0,1003,1285,235379
7726,991,0,991,1246,223476
7727,870,2,868,1246,223476
7728,1056,0,1056,1285,235379
7730,938,0,938,1246,223476
7731,811,0,811,1152,194358
7732,446,0,446,1226,217592
7733,859,0,859,1246,223476
7734,1023,0,1023,1371,265443
7735,918,1,917,1246,223476
7736,870,3,867,1246,223476
7737,60,0,60,438,20730
7739,860,0,860,1246,223476
7740,949,1,948,1246,223476
7742,413,0,413,636,56341
7743,861,0,861,1246,223476
7745,1062,0,1062,1440,295133
7746,1009,5,1004,1285,235379
7748,123,0,123,942,134829
7750,1061,1,1060,1285,235379
7751,19,0,19,1133,188622
7757,31,0,31,794,93576
7758,14,0,14,215,2103
7759,53,0,53,257,3832
7760,20,0,20,901,122094
7761,19,4,15,218,2188
7762,6,0,6,983,148014
7764,193,0,193,862,111548
7765,103,2,101,449,21866
7766,988,1,987,1246,223476
7767,69,0,69,273,4692
7768,997,0,997,1285,235379
7769,19,0,19,817,99014
7770,561,0,561,1030,159073
7776,2,0,2,1579,352003
7777,0,0,0,1575,350257
7778,1014,0,1014,1406,279982
7780,3,0,3,1468,306107
7783,1019,0,1019,1311,244259
7785,27,0,27,1603,359560
7786,194,0,194,1073,170113
7787,786,0,786,1475,309888
7788,88,0,88,1525,328528
7789,34,0,34,1477,310766
7790,32,0,32,1025,157691
7792,275,0,275,740,78667
7793,1054,0,1054,1406,279982
7794,3,0,3,1425,289199
7795,978,0,978,1373,266962
7802,3,0,3,163,1622
7804,2,0,2,121,1143
7807,1,0,1,71,579
7808,3,0,3,60,402
7809,0,0,0,52,330
7810,8,0,8,47,266
7811,150,0,150,1525,328528
7812,163,0,163,1525,328528
7813,53,0,53,111,1005
7814,61,0,61,198,1782
7815,0,0,0,1559,344391
7816,1,0,1,142,1398
7817,816,0,816,1319,246629
7818,1004,0,1004,1525,328528
7820,306,0,306,1208,212102
7821,0,0,0,177,1697
7823,0,0,0,1593,355559
7824,73,0,73,1525,328528
7825,73,0,73,1525,328528
7826,14,0,14,133,1264
7827,1157,0,1157,1479,311365
7831,16,0,16,1386,272249
7833,17,0,17,1464,304356
7834,13,0,13,1386,272249
7835,0,0,0,1593,355559
7836,8,0,8,1455,300808
7838,34,0,34,1319,246629
7839,9,0,9,53,341
7840,1,0,1,49,295
7841,220,0,220,1356,259094
7842,54,0,54,1407,280839
7843,4,0,4,113,1050
7844,0,0,0,1386,272249
7845,0,0,0,1386,272249
7846,32,0,32,1386,272249
7847,57,0,57,1386,272249
7848,0,0,0,1386,272249
7850,175,0,175,1319,246629
7851,34,0,34,1319,246629
7852,49,0,49,1319,246629
7853,261,0,261,1319,246629
7854,5,0,5,1319,246629
7855,17,0,17,1428,290099
7856,560,0,560,1208,212102
7857,863,0,863,1208,212102
7858,10,0,10,1208,212102
7860,7,0,7,1095,176502
7864,777,0,777,1276,232229
7870,158,0,158,793,93335
7878,0,0,0,821,99972
7879,46,0,46,821,99972
7880,31,0,31,794,93576
7883,50,0,50,794,93576
7885,857,0,857,1246,223476
7888,2,0,2,427,19263
7889,144,0,144,1600,358663
7891,9,0,9,509,31724
7892,880,0,880,1246,223476
7897,0,0,0,144,1441
7898,26,0,26,332,9057
7900,10,0,10,476,25996
7901,908,0,908,1246,223476
7902,9,0,9,509,31724
7904,27,0,27,436,20457
7905,6,0,6,385,13793
7906,857,0,857,1246,223476
7907,1,0,1,53,341
7909,5,0,5,176,1695
7914,0,0,0,13,36
7915,7,0,7,179,1703
7920,3,0,3,128,1206
7921,0,0,0,185,1723
7922,10,0,10,184,1718
7926,0,0,0,181,1708
7927,0,0,0,181,1708
7928,57,0,57,257,3832
7934,0,0,0,177,1697
7938,0,0,0,173,1687
7947,0,0,0,168,1673
7960,41,0,41,176,1695
7961,0,0,0,176,1695
7962,0,0,0,175,1691
7964,0,0,0,174,1689
7967,0,0,0,173,1687
7971,0,0,0,173,1687
7972,0,0,0,173,1687
7973,6,0,6,173,1687
7979,0,0,0,168,1673
7983,0,0,0,164,1624
7985,0,0,0,167,1672
7986,0,0,0,167,1672
7987,0,0,0,167,1672
7988,0,0,0,167,1672
7989,0,0,0,167,1672
7994,0,0,0,157,1564
7996,2,0,2,96,808
8001,5,0,5,130,1214
8004,3,0,3,113,1050
8014,0,0,0,168,1673
8015,4,0,4,159,1575
8017,1,0,1,166,1668
8020,2,0,2,166,1668
8021,13,0,13,113,1050
8023,5,0,5,154,1553
8025,0,0,0,90,742
8026,1,0,1,165,1637
8027,1,0,1,165,1637
8028,15,0,15,89,727
8030,0,0,0,156,1558
8031,19,0,19,159,1575
8033,4,0,4,198,1782
8034,49,0,49,198,1782
8036,35,0,35,198,1782
8037,2,0,2,198,1782
8038,2,0,2,198,1782
8040,0,0,0,160,1576
8043,1,0,1,162,1611
8045,0,0,0,168,1673
8046,0,0,0,168,1673
8048,0,0,0,157,1564
8049,0,0,0,157,1564
8050,2,0,2,156,1558
8053,0,0,0,155,1554
8059,0,0,0,154,1553
8060,0,0,0,154,1553
8061,22,0,22,154,1553
8062,0,0,0,154,1553
8063,12,0,12,154,1553
8064,4,0,4,154,1553
8065,0,0,0,154,1553
8066,1,0,1,154,1553
8071,0,0,0,148,1463
8074,0,0,0,160,1576
8075,0,0,0,160,1576
8078,18,0,18,160,1576
8079,0,0,0,148,1463
8080,0,0,0,145,1450
8081,0,0,0,145,1450
8082,0,0,0,145,1450
8086,6,0,6,141,1397
8092,0,0,0,144,1441
8093,1,0,1,143,1416
8094,5,0,5,143,1416
8101,10,0,10,142,1398
8108,1,0,1,142,1398
8110,2,0,2,141,1397
8115,1,0,1,142,1398
8121,1,0,1,133,1264
8124,0,0,0,15,41
8125,0,0,0,17,50
8128,17,0,17,130,1214
8129,2,0,2,106,941
8130,3,0,3,130,1214
8131,2,0,2,126,1191
8132,2,0,2,90,742
8136,15,0,15,125,1187
8140,29,0,29,126,1191
8141,0,0,0,13,36
8142,5,0,5,125,1187
8146,0,0,0,120,1125
8149,1,0,1,120,1125
8150,0,0,0,120,1125
8151,0,0,0,120,1125
8164,0,0,0,13,36
8165,0,0,0,122,1155
8170,0,0,0,67,468
8173,0,0,0,110,996
8175,14,0,14,113,1050
8176,3,0,3,113,1050
8178,8,0,8,111,1005
8180,9,0,9,110,996
8181,3,0,3,105,937
8190,1,0,1,84,682
8194,5,0,5,135,1301
8197,7,0,7,111,1005
8198,2,0,2,105,937
8208,2,0,2,27,104
8217,0,0,0,98,828
8219,22,0,22,103,916
8220,2,0,2,98,828
8221,0,0,0,38,185
8223,2,0,2,94,799
8227,9,0,9,96,808
8228,2,0,2,96,808
8229,2,0,2,96,808
8233,0,0,0,94,799
8235,0,0,0,38,185
8247,2,0,2,90,742
8248,1,0,1,71,579
8259,0,0,0,90,742
8260,0,0,0,90,742
8266,0,0,0,90,742
8270,0,0,0,90,742
8271,0,0,0,90,742
8272,0,0,0,90,742
8274,0,0,0,90,742
8275,0,0,0,90,742
8276,2,0,2,90,742
8277,0,0,0,80,629
8284,13,0,13,90,742
8285,4,0,4,90,742
8289,1,0,1,75,592
8291,2,0,2,80,629
8292,1,0,1,80,629
8293,2,0,2,88,715
8299,2,0,2,90,742
8300,2,0,2,90,742
8301,2,0,2,90,742
8302,2,0,2,90,742
8305,1,0,1,75,592
8315,5,0,5,84,682
8316,2,0,2,84,682
8317,18,0,18,82,670
8318,2,0,2,82,670
8325,0,0,0,80,629
8330,1,0,1,66,457
8335,2,0,2,54,352
8339,0,0,0,80,629
8340,0,0,0,77,600
8342,0,0,0,77,600
8343,3,0,3,77,600
8344,6,0,6,77,600
8346,0,0,0,77,600
8355,0,0,0,76,595
8363,1,0,1,74,589
8365,0,0,0,72,580
8366,0,0,0,80,629
8369,26,0,26,69,555
8370,0,0,0,80,629
8372,3,0,3,73,583
8379,0,0,0,66,457
8383,0,0,0,62,423
8385,1,0,1,40,204
8390,0,0,0,62,423
8391,0,0,0,64,438
8398,0,0,0,62,423
8400,0,0,0,62,423
8409,2,0,2,50,307
8414,0,0,0,56,364
8421,1,0,1,37,174
8422,4,0,4,47,266
8424,4,0,4,53,341
8425,0,0,0,53,341
8427,8,0,8,49,295
8429,5,0,5,41,212
8438,29,0,29,1602,359163
8439,1162,0,1162,1467,305874
8440,29,0,29,1602,359163
8441,29,0,29,1602,359163
8442,224,0,224,699,69182
8443,126,0,126,575,44132
8444,29,0,29,1602,359163
8445,1134,0,1134,1371,265443
8447,29,0,29,1602,359163
8448,29,0,29,1602,359163
8449,143,0,143,1602,359163
8451,414,0,414,1226,217592
8452,131,0,131,1602,359163
8453,29,0,29,1602,359163
8455,29,0,29,1602,359163
8456,29,0,29,1602,359163
8457,29,0,29,1602,359163
8460,57,2,55,360,11437
8461,8,0,8,1139,190490
8465,3,0,3,128,1206
8466,35,0,35,68,514
8468,0,0,0,132,1240
8469,9,0,9,117,1080
8472,12,0,12,108,966
8475,898,1,897,1246,223476
8476,1065,0,1065,1395,275632
8477,471,0,471,757,82947
8478,1126,1,1125,1597,358321
8479,29,0,29,1602,359163
8480,29,0,29,1602,359163
8481,810,0,810,1382,271424
8482,388,1,387,693,67302
8483,1335,0,1335,1597,358321
8484,924,0,924,1300,240859
8485,29,0,29,1602,359163
8486,3,0,3,1507,321183
8488,11,0,11,179,1703
8489,3,0,3,1507,321183
8490,3,0,3,1507,321183
8491,3,0,3,1507,321183
8492,389,0,389,1471,308255
8493,3,0,3,1507,321183
8495,993,0,993,1371,265443
8496,1015,0,1015,1276,232229
8497,3,0,3,1507,321183
8498,3,0,3,1507,321183
8499,1,0,1,18,51
8500,1199,0,1199,1597,358321
8501,1020,0,1020,1407,280839
8502,1070,0,1070,1395,275632
8503,3,0,3,1507,321183
8504,3,0,3,1507,321183
8505,3,0,3,1507,321183
8506,29,0,29,1602,359163
8507,595,0,595,907,124292
8508,493,0,493,765,84994
8509,571,0,571,1471,308255
8510,29,0,29,1602,359163
8511,29,0,29,1602,359163
8512,29,0,29,1602,359163
8513,472,0,472,1574,350084
8514,768,0,768,1391,273998
8515,280,0,280,698,68937
8518,820,0,820,1546,338043
8519,29,0,29,1602,359163
8521,29,0,29,1602,359163
8522,29,0,29,1602,359163
8523,29,0,29,1602,359163
8524,0,0,0,1452,299312
8525,765,0,765,1471,308255
8526,1048,0,1048,1285,235379
8528,162,0,162,1532,331167
8530,0,0,0,1452,299312
8532,0,0,0,1452,299312
8533,914,1,913,1246,223476
8534,0,0,0,1452,299312
8535,0,0,0,1452,299312
8536,0,0,0,1452,299312
8537,0,0,0,1452,299312
8538,0,0,0,1452,299312
8539,0,0,0,1452,299312
8540,0,0,0,1452,299312
8541,0,0,0,1452,299312
8542,0,0,0,1452,299312
8543,0,0,0,1452,299312
8546,0,0,0,1452,299312
8547,0,0,0,1452,299312
8548,0,0,0,1452,299312
8549,421,0,421,1506,321180
8550,0,0,0,1452,299312
8551,0,0,0,1452,299312
8552,1008,1,1007,1370,264242
8553,0,0,0,1452,299312
8554,0,0,0,1452,299312
8555,0,0,0,1452,299312
8556,0,0,0,1452,299312
8557,0,0,0,1452,299312
8558,0,0,0,1452,299312
8559,0,0,0,1452,299312
8561,0,0,0,1452,299312
8562,185,0,185,1471,308255
8563,0,0,0,1452,299312
8564,0,0,0,1452,299312
8565,0,0,0,1452,299312
8566,0,0,0,1452,299312
8567,1232,0,1232,1499,318626
8568,0,0,0,1452,299312
8569,0,0,0,1452,299312
8570,0,0,0,1452,299312
8571,0,0,0,1452,299312
8572,0,0,0,1452,299312
8573,0,0,0,1452,299312
8574,1142,0,1142,1597,358321
8576,0,0,0,1452,299312
8577,677,0,677,1467,305874
8578,680,0,680,1496,317114
8579,0,0,0,1452,299312
8580,138,0,138,1471,308255
8581,158,0,158,1496,317114
8584,0,0,0,1452,299312
8585,1209,0,1209,1597,358321
8588,649,0,649,1395,275632
8589,1010,0,1010,1395,275632
8590,1083,0,1083,1471,308255
8591,140,0,140,1467,305874
8594,0,0,0,1452,299312
8595,0,0,0,1452,299312
8596,0,0,0,1452,299312
8597,0,0,0,1452,299312
8598,0,0,0,1452,299312
8599,1143,0,1143,1597,358321
8601,0,0,0,1452,299312
8603,0,0,0,1452,299312
8604,0,0,0,1452,299312
8605,0,0,0,1452,299312
8606,0,0,0,1452,299312
8607,0,0,0,1452,299312
8608,0,0,0,1452,299312
8609,88,0,88,1452,299312
8610,913,0,913,1453,299918
8611,699,0,699,1073,170113
8612,991,0,991,1276,232229
8614,531,0,531,1471,308255
8615,16,0,16,1410,282446
8616,540,0,540,1471,308255
8617,241,0,241,1395,275632
8618,486,0,486,1471,308255
8620,336,0,336,1030,159073
8621,1,0,1,368,12087
8622,1073,0,1073,1471,308255
8623,97,0,97,1471,308255
8625,775,0,775,1471,308255
8626,234,0,234,1488,314015
8627,1143,0,1143,1597,358321
8628,125,0,125,1399,276545
8629,98,0,98,1471,308255
8630,322,0,322,1395,275632
8631,6,0,6,1399,276545
8632,857,0,857,1246,223476
8634,27,0,27,1002,152848
8635,27,0,27,1002,152848
8636,27,0,27,1002,152848
8637,27,0,27,1002,152848
8638,27,0,27,1002,152848
8640,27,0,27,1002,152848
8642,27,0,27,1002,152848
8643,27,0,27,1002,152848
8644,27,0,27,1002,152848
8645,27,0,27,1002,152848
8646,27,0,27,1002,152848
8647,27,0,27,1002,152848
8648,27,0,27,1002,152848
8649,27,0,27,1002,152848
8650,27,0,27,1002,152848
8651,27,0,27,1002,152848
8652,29,0,29,1602,359163
8654,27,0,27,1002,152848
8656,27,0,27,1002,152848
8657,27,0,27,1002,152848
8658,27,0,27,1002,152848
8659,27,0,27,1002,152848
8660,27,0,27,1002,152848
8661,27,0,27,1002,152848
8662,27,0,27,1002,152848
8663,27,0,27,1002,152848
8664,27,0,27,1002,152848
8666,27,0,27,1002,152848
8668,27,0,27,1002,152848
8669,27,0,27,1002,152848
8670,27,0,27,1002,152848
8672,27,0,27,1002,152848
8673,27,0,27,1002,152848
8674,27,0,27,1002,152848
8675,88,0,88,1452,299312
8676,27,0,27,1002,152848
8677,27,0,27,1002,152848
8678,27,0,27,1002,152848
8679,27,0,27,1002,152848
8680,27,0,27,1002,152848
8681,27,0,27,1002,152848
8683,27,0,27,1002,152848
8684,27,0,27,1002,152848
8685,27,0,27,1002,152848
8686,27,0,27,1002,152848
8687,27,0,27,1002,152848
8690,27,0,27,1002,152848
8691,27,0,27,1002,152848
8692,27,0,27,1002,152848
8693,27,0,27,1002,152848
8695,27,0,27,1002,152848
8696,27,0,27,1002,152848
8697,27,0,27,1002,152848
8698,27,0,27,1002,152848
8699,27,0,27,1002,152848
8700,27,0,27,1002,152848
8701,27,0,27,1002,152848
8702,27,0,27,1002,152848
8703,27,0,27,1002,152848
8704,27,0,27,1002,152848
8705,27,0,27,1002,152848
8706,27,0,27,1002,152848
8708,27,0,27,1002,152848
8709,27,0,27,1002,152848
8710,27,0,27,1002,152848
8711,27,0,27,1002,152848
8712,27,0,27,1002,152848
8713,27,0,27,1002,152848
8714,27,0,27,1002,152848
8715,27,0,27,1002,152848
8716,27,0,27,1002,152848
8718,27,0,27,1002,152848
8719,27,0,27,1002,152848
8721,27,0,27,1002,152848
8722,27,0,27,1002,152848
8723,27,0,27,1002,152848
8724,27,0,27,1002,152848
8725,27,0,27,1002,152848
8726,27,0,27,1002,152848
8727,27,0,27,1002,152848
8728,27,0,27,1002,152848
8730,27,0,27,1002,152848
8731,27,0,27,1002,152848
8732,27,0,27,1002,152848
8733,27,0,27,1002,152848
8734,27,0,27,1002,152848
8735,27,0,27,1002,152848
8736,27,0,27,1002,152848
8737,27,0,27,1002,152848
8738,27,0,27,1002,152848
8740,27,0,27,1002,152848
8741,27,0,27,1002,152848
8742,1,0,1,18,51
8743,27,0,27,1002,152848
8744,27,0,27,1002,152848
8745,27,0,27,1002,152848
8746,27,0,27,1002,152848
8747,27,0,27,1002,152848
8748,27,0,27,1002,152848
8749,27,0,27,1002,152848
8750,27,0,27,1002,152848
8751,32,0,32,1018,156632
8752,27,0,27,1002,152848
8753,27,0,27,1002,152848
8754,27,0,27,1002,152848
8755,27,0,27,1002,152848
8756,27,0,27,1002,152848
8757,27,0,27,1002,152848
8758,27,0,27,1002,152848
8759,27,0,27,1002,152848
8760,27,0,27,1002,152848
8761,27,0,27,1002,152848
8762,27,0,27,1002,152848
8763,27,0,27,1002,152848
8765,27,0,27,1002,152848
8766,27,0,27,1002,152848
8767,27,0,27,1002,152848
8768,27,0,27,1002,152848
8769,27,0,27,1002,152848
8772,43,0,43,1002,152848
8773,27,0,27,1002,152848
8774,27,0,27,1002,152848
8775,27,0,27,1002,152848
8776,27,0,27,1002,152848
8777,27,0,27,1002,152848
8778,27,0,27,1002,152848
8780,27,0,27,1002,152848
8782,85,0,85,1002,152848
8783,27,0,27,1002,152848
8784,27,0,27,1002,152848
8785,97,0,97,1002,152848
8787,112,0,112,1002,152848
8788,27,0,27,1002,152848
8789,27,0,27,1002,152848
8790,27,0,27,1002,152848
8792,27,0,27,1002,152848
8795,27,0,27,1002,152848
8796,27,0,27,1002,152848
8797,27,0,27,1002,152848
8798,27,0,27,1002,152848
8799,27,0,27,1002,152848
8800,27,0,27,1002,152848
8801,27,0,27,1002,152848
8802,27,0,27,1002,152848
8803,27,0,27,1002,152848
8804,27,0,27,1002,152848
8805,27,0,27,1002,152848
8806,27,0,27,1002,152848
8807,27,0,27,1002,152848
8809,27,0,27,1002,152848
8810,27,0,27,1002,152848
8811,27,0,27,1002,152848
8812,27,0,27,1002,152848
8814,27,0,27,1002,152848
8815,27,0,27,1002,152848
8816,27,0,27,1002,152848
8817,27,0,27,1002,152848
8822,27,0,27,1002,152848
8823,27,0,27,1002,152848
8825,5,0,5,211,1986
8827,27,0,27,1002,152848
8828,27,0,27,1002,152848
8829,185,0,185,427,19263
8831,19,0,19,502,30723
8833,1,0,1,18,51
8845,1,0,1,18,51
8846,1,0,1,18,51
8848,1,0,1,18,51
8849,1,0,1,18,51
8851,0,0,0,185,1723
8853,0,0,0,183,1710
8855,1,0,1,18,51
8856,0,0,0,177,1697
8859,1,0,1,18,51
8860,0,0,0,177,1697
8861,0,0,0,177,1697
8862,0,0,0,177,1697
8863,0,0,0,177,1697
8864,0,0,0,177,1697
8865,0,0,0,177,1697
8878,0,0,0,168,1673
8879,0,0,0,168,1673
8880,0,0,0,168,1673
8881,0,0,0,168,1673
8882,1,0,1,18,51
8883,12,0,12,109,976
8884,1,0,1,18,51
8885,1,0,1,18,51
8886,1,0,1,18,51
8887,0,0,0,177,1697
8890,1,0,1,18,51
8891,1,0,1,18,51
8892,1,0,1,18,51
8893,1,0,1,18,51
8894,0,0,0,165,1637
8895,0,0,0,165,1637
8896,0,0,0,165,1637
8898,0,0,0,149,1468
8901,33,0,33,127,1201
8902,29,0,29,1602,359163
8903,29,0,29,1602,359163
8904,29,0,29,1602,359163
8905,29,0,29,1602,359163
8906,29,0,29,1602,359163
8907,29,0,29,1602,359163
8908,370,0,370,598,48095
8909,2,0,2,1579,352003
8910,6,0,6,1366,262174
8914,8,0,8,1455,300808
8916,1055,0,1055,1425,289199
8917,436,0,436,706,70499
8918,437,0,437,695,67734
8919,16,0,16,1410,282446
8920,718,0,718,1395,275632
8922,0,0,0,1386,272249
8923,0,0,0,1386,272249
8924,19,0,19,502,30723
8925,1067,0,1067,1367,262623
8926,20,0,20,1366,262174
8928,4,0,4,1263,227154
8929,15,0,15,1035,160432
8931,6,0,6,1003,153122
8933,40,0,40,1068,168600
8935,21,0,21,1054,165232
8941,4,0,4,173,1687
8945,995,0,995,1285,235379
8946,13,0,13,646,58028
8947,10,0,10,476,25996
8948,253,0,253,438,20730
8949,146,0,146,561,41610
8952,0,0,0,178,1700
8953,53,0,53,257,3832
8955,2,0,2,178,1700
8956,0,0,0,1593,355559
8957,97,0,97,257,3832
8959,0,0,0,178,1700
8960,42,0,42,178,1700
8962,0,0,0,177,1697
8963,0,0,0,177,1697
8966,7,0,7,337,9509
8971,1,0,1,109,976
8973,10,0,10,1355,258426
8977,0,0,0,145,1450
8980,0,0,0,175,1691
8982,0,0,0,163,1622
8986,1,0,1,159,1575
8991,0,0,0,174,1689
8996,0,0,0,158,1565
8998,0,0,0,168,1673
9002,15,0,15,1355,258426
9004,10,0,10,1355,258426
9007,5,0,5,167,1672
9009,3,0,3,167,1672
9010,0,0,0,167,1672
9011,2,0,2,167,1672
9012,0,0,0,167,1672
9013,0,0,0,167,1672
9014,0,0,0,167,1672
9015,0,0,0,167,1672
9019,0,0,0,158,1565
9026,32,0,32,166,1668
9031,50,0,50,145,1450
9032,3,0,3,128,1206
9033,2,0,2,163,1622
9035,0,0,0,163,1622
9036,2,0,2,163,1622
9038,0,0,0,163,1622
9039,0,0,0,163,1622
9040,0,0,0,163,1622
9042,1,0,1,163,1622
9043,1,0,1,156,1558
9044,1,0,1,159,1575
9045,1,0,1,156,1558
9047,0,0,0,145,1450
9048,4,0,4,145,1450
9052,30,0,30,71,579
9054,1,0,1,143,1416
9055,1,0,1,142,1398
9056,0,0,0,138,1352
9057,16,0,16,138,1352
9058,2,0,2,23,80
9060,1,0,1,133,1264
9065,0,0,0,15,41
9068,0,0,0,15,41
9074,15,0,15,116,1066
9075,1,0,1,70,566
9077,0,0,0,122,1155
9078,30,0,30,118,1092
9083,27,0,27,127,1201
9085,5,0,5,118,1092
9086,1,0,1,118,1092
9093,0,0,0,115,1057
9094,0,0,0,115,1057
9095,5,0,5,116,1066
9096,0,0,0,115,1057
9099,12,0,12,115,1057
9100,3,0,3,113,1050
9101,30,0,30,113,1050
9104,3,0,3,113,1050
9105,6,0,6,124,1177
9110,4,0,4,83,676
9116,22,0,22,124,1177
9122,0,0,0,93,797
9124,14,0,14,92,786
9125,1,0,1,71,579
9129,7,0,7,90,742
9130,0,0,0,87,709
9132,3,0,3,75,592
9133,0,0,0,71,579
9134,13,0,13,74,589
9135,0,0,0,74,589
9137,1,0,1,71,579
9139,1,0,1,71,579
9140,10,0,10,71,579
9141,0,0,0,62,423
9147,0,0,0,62,423
9149,1,0,1,40,204
9155,12,0,12,69,555
9157,6,0,6,58,382
9160,17,0,17,69,555
9163,8,0,8,108,966
9165,1,0,1,35,160
9166,0,0,0,55,357
9167,0,0,0,55,357
9174,18,0,18,52,330
9177,1,0,1,41,212
9179,11,0,11,40,204
9181,0,0,0,1593,355559
9182,1119,2,1117,1409,281919
9183,927,0,927,1276,232229
9184,1134,0,1134,1371,265443
9185,12,0,12,38,185
9186,43,0,43,349,10615
9187,125,0,125,431,19801
9188,128,0,128,467,24675
9189,208,0,208,862,111548
9190,80,0,80,386,13911
9191,1074,0,1074,1370,264242
9192,0,0,0,1593,355559
9193,264,0,264,1602,359163
9200,29,0,29,1602,359163
9202,29,0,29,1602,359163
9203,1210,1,1209,1597,358321
9204,29,0,29,1602,359163
9206,29,0,29,1602,359163
9207,29,0,29,1602,359163
9208,29,0,29,1602,359163
9209,29,0,29,1602,359163
9210,29,0,29,1602,359163
9211,29,0,29,1602,359163
9212,29,0,29,1602,359163
9213,29,0,29,1602,359163
9214,29,0,29,1602,359163
9215,29,0,29,1602,359163
9216,29,0,29,1602,359163
9217,29,0,29,1602,359163
9218,29,0,29,1602,359163
9219,911,1,910,1293,237865
9220,29,0,29,1602,359163
9221,29,0,29,1602,359163
9222,29,0,29,1602,359163
9223,29,0,29,1602,359163
9224,29,0,29,1602,359163
9225,536,0,536,856,110109
9228,1183,0,1183,1577,351159
9229,29,0,29,1602,359163
9230,29,0,29,1602,359163
9231,29,0,29,1602,359163
9236,524,0,524,1316,245564
9237,1026,0,1026,1316,245564
9238,1103,0,1103,1409,281919
9239,945,0,945,1246,223476
9240,463,0,463,764,84551
9241,325,0,325,609,50335
9242,1070,0,1070,1371,265443
9243,959,0,959,1246,223476
9244,1110,0,1110,1400,277028
9246,993,3,990,1246,223476
9247,870,0,870,1473,309052
9248,96,0,96,399,15679
9249,843,0,843,1276,232229
9251,721,0,721,1302,241546
9252,1039,2,1037,1285,235379
9253,941,0,941,1276,232229
9254,236,0,236,696,67959
9255,987,1,986,1246,223476
9256,497,0,497,894,120191
9257,59,0,59,349,10615
9258,808,0,808,1276,232229
9259,726,1,725,1030,159073
9260,1158,0,1158,1473,309052
9263,29,0,29,1602,359163
9266,29,0,29,1602,359163
9267,29,0,29,1602,359163
9268,29,0,29,1602,359163
9270,29,0,29,1602,359163
9271,29,0,29,1602,359163
9272,29,0,29,1602,359163
9273,29,0,29,1602,359163
9274,29,0,29,1602,359163
9275,29,0,29,1602,359163
9277,29,0,29,1602,359163
9278,29,0,29,1602,359163
9279,29,0,29,1602,359163
9280,563,0,563,878,115402
9281,1342,1,1341,1597,358321
9282,1122,0,1122,1409,281919
9283,817,1,816,1457,301960
9284,881,0,881,1499,318626
9285,91,0,91,1602,359163
9286,215,1,214,776,88553
9287,1174,0,1174,1457,301960
9288,835,0,835,1152,194358
9289,1152,2,1150,1597,358321
9290,1310,0,1310,1597,358321
9291,954,1,953,1246,223476
9292,1222,0,1222,1535,332470
9293,1171,0,1171,1471,308255
9296,1010,0,1010,1285,235379
9297,523,0,523,1535,332470
9299,29,0,29,1602,359163
9300,29,0,29,1602,359163
9301,29,0,29,1602,359163
9302,29,0,29,1602,359163
9303,29,0,29,1602,359163
9305,361,0,361,929,130888
9306,1105,0,1105,1505,320949
9307,296,0,296,1602,359163
9309,0,0,0,1593,355559
9310,29,0,29,1602,359163
9311,29,0,29,1602,359163
9312,1102,0,1102,1489,314381
9314,29,0,29,1602,359163
9315,29,0,29,1602,359163
9316,29,0,29,1602,359163
9319,29,0,29,1602,359163
9320,29,0,29,1602,359163
9322,29,0,29,1602,359163
9323,29,0,29,1602,359163
9324,29,0,29,1602,359163
9328,29,0,29,1602,359163
9329,29,0,29,1602,359163
9330,29,0,29,1602,359163
9332,29,0,29,1602,359163
9334,807,0,807,1123,185443
9335,29,0,29,1602,359163
9336,0,0,0,1471,308255
9337,0,0,0,1471,308255
9338,0,0,0,1471,308255
9339,0,0,0,1471,308255
9340,29,0,29,1602,359163
9341,29,0,29,1602,359163
9342,29,0,29,1602,359163
9344,29,0,29,1602,359163
9345,317,0,317,814,98223
9346,29,0,29,1602,359163
9347,29,0,29,1602,359163
9348,29,0,29,1602,359163
9349,29,0,29,1602,359163
9350,29,0,29,1602,359163
9351,29,0,29,1602,359163
9352,29,0,29,1602,359163
9356,512,0,512,973,145444
9357,1116,1,1115,1409,281919
9359,911,0,911,1281,233154
9361,799,2,797,1075,171307
9363,29,0,29,1602,359163
9364,29,0,29,1602,359163
9365,29,0,29,1602,359163
9366,29,0,29,1602,359163
9367,29,0,29,1602,359163
9368,29,0,29,1602,359163
9369,29,0,29,1602,359163
9370,29,0,29,1602,359163
9371,29,0,29,1602,359163
9372,143,0,143,1602,359163
9373,29,0,29,1602,359163
9375,143,0,143,1602,359163
9376,29,0,29,1602,359163
9377,29,0,29,1602,359163
9378,1045,0,1045,1337,252362
9381,730,0,730,1473,309052
9383,68,0,68,1400,277028
9384,1170,0,1170,1473,309052
9385,93,0,93,398,15473
9386,233,0,233,533,36815
9387,29,0,29,1602,359163
9390,29,0,29,1602,359163
9394,1172,0,1172,1473,309052
9395,588,0,588,1382,271424
9396,1081,0,1081,1382,271424
9397,986,0,986,1382,271424
9398,1084,0,1084,1382,271424
9399,1083,0,1083,1382,271424
9400,27,0,27,1382,271424
9401,866,1,865,1246,223476
9403,29,0,29,1602,359163
9404,29,0,29,1602,359163
9405,29,0,29,1602,359163
9406,29,0,29,1602,359163
9410,29,0,29,1602,359163
9412,274,0,274,1602,359163
9415,29,0,29,1602,359163
9418,29,0,29,1602,359163
9420,29,0,29,1602,359163
9421,29,0,29,1602,359163
9425,131,0,131,1602,359163
9426,29,0,29,1602,359163
9427,29,0,29,1602,359163
9428,29,0,29,1602,359163
9429,13,0,13,1367,262623
9430,131,0,131,1602,359163
9432,131,0,131,1602,359163
9435,131,0,131,1602,359163
9436,29,0,29,1602,359163
9437,29,0,29,1602,359163
9438,29,0,29,1602,359163
9439,29,0,29,1602,359163
9440,29,0,29,1602,359163
9441,29,0,29,1602,359163
9442,29,0,29,1602,359163
9444,414,0,414,1226,217592
9445,414,0,414,1226,217592
9446,29,0,29,1602,359163
9447,29,0,29,1602,359163
9448,29,0,29,1602,359163
9449,29,0,29,1602,359163
9451,29,0,29,1602,359163
9452,29,0,29,1602,359163
9454,29,0,29,1602,359163
9455,29,0,29,1602,359163
9458,29,0,29,1602,359163
9459,29,0,29,1602,359163
9461,29,0,29,1602,359163
9462,29,0,29,1602,359163
9463,29,0,29,1602,359163
9464,29,0,29,1602,359163
9465,29,0,29,1602,359163
9467,29,0,29,1602,359163
9468,29,0,29,1602,359163
9469,29,0,29,1602,359163
9471,29,0,29,1602,359163
9472,29,0,29,1602,359163
9473,29,0,29,1602,359163
9474,29,0,29,1602,359163
9476,29,0,29,1602,359163
9479,29,0,29,1602,359163
9480,29,0,29,1602,359163
9482,1,0,1,199,1783
9487,1053,0,1053,1351,257271
9489,29,0,29,1602,359163
9490,29,0,29,1602,359163
9491,29,0,29,1602,359163
9494,29,0,29,1602,359163
9495,29,0,29,1602,359163
9496,29,0,29,1602,359163
9497,29,0,29,1602,359163
9500,29,0,29,1602,359163
9501,29,0,29,1602,359163
9504,29,0,29,1602,359163
9505,29,0,29,1602,359163
9506,29,0,29,1602,359163
9507,161,0,161,1602,359163
9508,29,0,29,1602,359163
9509,29,0,29,1602,359163
9510,29,0,29,1602,359163
9511,29,0,29,1602,359163
9512,29,0,29,1602,359163
9513,29,0,29,1602,359163
9514,29,0,29,1602,359163
9515,29,0,29,1602,359163
9516,29,0,29,1602,359163
9517,29,0,29,1602,359163
9518,29,0,29,1602,359163
9519,29,0,29,1602,359163
9520,29,0,29,1602,359163
9521,29,0,29,1602,359163
9522,29,0,29,1602,359163
9523,29,0,29,1602,359163
9524,29,0,29,1602,359163
9525,29,0,29,1602,359163
9526,29,0,29,1602,359163
9527,29,0,29,1602,359163
9529,29,0,29,1602,359163
9530,29,0,29,1602,359163
9531,29,0,29,1602,359163
9532,29,0,29,1602,359163
9533,29,0,29,1602,359163
9536,29,0,29,1602,359163
9538,29,0,29,1602,359163
9539,29,0,29,1602,359163
9540,29,0,29,1602,359163
9541,29,0,29,1602,359163
9542,29,0,29,1602,359163
9544,29,0,29,1602,359163
9545,29,0,29,1602,359163
9546,29,0,29,1602,359163
9547,29,0,29,1602,359163
9548,29,0,29,1602,359163
9549,29,0,29,1602,359163
9550,29,0,29,1602,359163
9551,29,0,29,1602,359163
9553,29,0,29,1602,359163
9554,29,0,29,1602,359163
9555,29,0,29,1602,359163
9558,137,0,137,356,11161
9559,29,0,29,1602,359163
9560,29,0,29,1602,359163
9561,29,0,29,1602,359163
9562,29,0,29,1602,359163
9563,29,0,29,1602,359163
9564,29,0,29,1602,359163
9565,29,0,29,1602,359163
9566,29,0,29,1602,359163
9567,29,0,29,1602,359163
9570,29,0,29,1602,359163
9571,29,0,29,1602,359163
9572,29,0,29,1602,359163
9573,29,0,29,1602,359163
9575,29,0,29,1602,359163
9579,19,0,19,817,99014
9580,857,0,857,1246,223476
9583,1,0,1,1088,174375
9588,12,0,12,987,149058
9589,857,0,857,1246,223476
9590,6,0,6,34,159
9591,857,0,857,1246,223476
9592,857,0,857,1246,223476
9593,857,0,857,1246,223476
9595,30,0,30,908,124704
9597,447,0,447,804,96237
9601,3,0,3,113,1050
9608,1,0,1,18,51
9609,5,0,5,385,13793
9612,857,0,857,1246,223476
9613,857,0,857,1246,223476
9618,0,0,0,177,1697
9621,0,0,0,1593,355559
9634,0,0,0,149,1468
9639,20,0,20,48,289
9648,43,0,43,153,1537
9651,2,0,2,166,1668
9657,0,0,0,163,1622
9658,1,0,1,123,1168
9659,0,0,0,149,1468
9660,0,0,0,149,1468
9663,41,0,41,92,786
9664,2,0,2,23,80
9665,0,0,0,149,1468
9668,6,0,6,161,1607
9669,0,0,0,149,1468
9670,3,0,3,128,1206
9674,48,1,47,92,786
9675,0,0,0,151,1504
9676,158,0,158,973,145444
9677,4,0,4,153,1537
9678,16,0,16,153,1537
9680,0,0,0,149,1468
9681,0,0,0,149,1468
9682,0,0,0,151,1504
9683,0,0,0,151,1504
9684,0,0,0,151,1504
9685,0,0,0,149,1468
9687,0,0,0,149,1468
9689,0,0,0,149,1468
9699,4,0,4,129,1210
9702,0,0,0,5,10
9703,10,0,10,102,882
9704,10,0,10,137,1345
9708,0,0,0,19,56
9712,0,0,0,132,1240
9713,8,0,8,132,1240
9716,8,0,8,108,966
9718,0,0,0,119,1115
9719,0,0,0,5,10
9721,14,0,14,127,1201
9727,7,0,7,124,1177
9728,4,0,4,124,1177
9730,2,0,2,121,1143
9733,2,0,2,26,90
9734,5,0,5,85,700
9736,23,0,23,110,996
9737,2,0,2,106,941
9738,45,0,45,108,966
9740,15,0,15,109,976
9741,33,0,33,102,882
9742,15,0,15,109,976
9745,14,0,14,109,976
9746,23,0,23,85,700
9748,33,0,33,99,846
9749,1,0,1,101,859
9751,15,0,15,69,555
9752,2,0,2,23,80
9755,0,0,0,97,817
9757,28,0,28,68,514
9758,4,0,4,75,592
9759,1,0,1,82,670
9761,4,0,4,91,760
9763,0,0,0,97,817
9764,0,0,0,5,10
9766,1,0,1,97,817
9767,6,0,6,86,705
9769,2,0,2,85,700
9773,6,0,6,82,670
9774,0,0,0,77,600
9775,8,0,8,61,420
9776,0,0,0,79,623
9780,0,0,0,76,595
9782,0,0,0,76,595
9784,104,0,104,973,145444
9785,4,0,4,75,592
9786,3,0,3,73,583
9796,0,0,0,62,423
9799,0,0,0,62,423
9800,1,0,1,18,51
9801,27,0,27,108,966
9802,7,0,7,53,341
9804,23,0,23,69,555
9805,25,0,25,68,514
9806,1,0,1,61,420
9808,0,0,0,58,382
9813,11,0,11,48,289
9814,2,0,2,48,289
9817,1,0,1,22,70
9818,3,0,3,45,244
9819,1,0,1,43,227
9825,207,0,207,425,19148
9826,21,0,21,1601,359134
9827,0,0,0,1589,354595
9828,273,0,273,1601,359134
9829,255,0,255,1601,359134
9830,215,0,215,1589,354595
9831,179,0,179,1601,359134
9833,35,0,35,1603,359560
9834,16,0,16,1595,356338
9835,218,0,218,1590,354891
9836,6,0,6,1599,358556
9837,6,0,6,1599,358556
9838,6,0,6,1599,358556
9840,3,0,3,1507,321183
9841,3,0,3,1507,321183
9842,29,0,29,1602,359163
9843,1143,0,1143,1597,358321
9844,3,0,3,1507,321183
9845,1082,0,1082,1597,358321
9846,951,0,951,1300,240859
9849,3,0,3,1507,321183
9850,1,0,1,18,51
9851,3,0,3,1507,321183
9852,3,0,3,1507,321183
9853,612,0,612,1406,279982
9854,1,0,1,18,51
9856,3,0,3,1507,321183
9857,3,0,3,1507,321183
9859,1173,0,1173,1597,358321
9860,1175,0,1175,1597,358321
9861,3,0,3,1507,321183
9862,0,0,0,1538,333336
9863,3,0,3,1507,321183
9864,335,0,335,1456,301092
9865,3,0,3,1507,321183
9866,3,0,3,1507,321183
9867,3,0,3,1507,321183
9868,1,0,1,18,51
9872,3,0,3,1507,321183
9873,3,0,3,1507,321183
9876,3,0,3,1507,321183
9877,3,0,3,1507,321183
9881,1,0,1,18,51
9882,3,0,3,1507,321183
9883,3,0,3,1507,321183
9884,3,0,3,1507,321183
9885,355,0,355,1525,328528
9886,810,0,810,1525,328528
9887,3,0,3,1507,321183
9888,29,0,29,1602,359163
9889,3,0,3,1507,321183
9891,3,0,3,1507,321183
9892,1,0,1,18,51
9893,3,0,3,1507,321183
9894,3,0,3,1507,321183
9895,3,0,3,1507,321183
9896,3,0,3,1507,321183
9897,8,0,8,1519,326423
9898,0,0,0,1593,355559
9900,1,0,1,18,51
9901,29,0,29,1602,359163
9902,3,0,3,1507,321183
9904,3,0,3,1507,321183
9905,3,0,3,1507,321183
9906,3,0,3,1507,321183
9907,3,0,3,1507,321183
9908,3,0,3,1507,321183
9909,3,0,3,1507,321183
9910,3,0,3,1507,321183
9911,3,0,3,1507,321183
9912,3,0,3,1507,321183
9913,3,0,3,1507,321183
9914,3,0,3,1507,321183
9915,3,0,3,1507,321183
9917,3,0,3,1507,321183
9918,3,0,3,1507,321183
9919,3,0,3,1507,321183
9920,3,0,3,1507,321183
9921,876,0,876,1540,334719
9922,1071,0,1071,1455,300808
9923,3,0,3,1507,321183
9926,424,0,424,1051,164641
9927,3,0,3,1507,321183
9928,3,0,3,1507,321183
9929,3,0,3,1507,321183
9930,3,0,3,1507,321183
9934,3,0,3,1507,321183
9935,3,0,3,1507,321183
9936,3,0,3,1507,321183
9937,3,0,3,1507,321183
9939,3,0,3,1507,321183
9940,3,0,3,1507,321183
9941,3,0,3,1507,321183
9942,1267,0,1267,1593,355559
9943,3,0,3,1507,321183
9944,3,0,3,1507,321183
9945,3,0,3,1507,321183
9946,3,0,3,1507,321183
9948,3,0,3,1507,321183
9949,3,0,3,1507,321183
9951,3,0,3,1507,321183
9952,3,0,3,1507,321183
9953,3,0,3,1507,321183
9954,3,0,3,1507,321183
9956,3,0,3,1507,321183
9957,3,0,3,1507,321183
9958,3,0,3,1507,321183
9959,3,0,3,1507,321183
9960,3,0,3,1507,321183
9961,3,0,3,1507,321183
9962,3,0,3,1507,321183
9963,305,0,305,698,68937
9964,3,0,3,1507,321183
9965,945,1,944,1293,237865
9966,3,0,3,1507,321183
9967,3,0,3,1507,321183
9968,1028,0,1028,1285,235379
9969,1006,0,1006,1285,235379
9970,430,0,430,1471,308255
9971,471,0,471,1398,276492
9972,0,0,0,1471,308255
9973,3,0,3,1507,321183
9974,3,0,3,1507,321183
9975,0,0,0,1471,308255
9976,0,0,0,1471,308255
9977,0,0,0,1471,308255
9980,3,0,3,1507,321183
9981,202,0,202,1471,308255
9982,769,0,769,1395,275632
9983,3,0,3,1507,321183
9984,3,0,3,1507,321183
9985,1125,0,1125,1510,322515
9986,3,0,3,1507,321183
9987,3,0,3,1507,321183
9989,3,0,3,1507,321183
9990,551,0,551,1467,305874
9991,3,0,3,1507,321183
9993,3,0,3,1507,321183
9994,3,0,3,1507,321183
9995,3,0,3,1507,321183
9996,869,0,869,1246,223476
9997,3,0,3,1507,321183
9999,3,0,3,1507,321183
10001,3,0,3,1507,321183
10002,1,0,1,18,51
10003,3,0,3,1507,321183
10004,3,0,3,1507,321183
10005,3,0,3,1507,321183
10006,3,0,3,1507,321183
10007,3,0,3,1507,321183
10008,1,0,1,18,51
10009,3,0,3,1507,321183
10010,3,0,3,1507,321183
10011,29,0,29,1602,359163
10012,3,0,3,1507,321183
10013,3,0,3,1507,321183
10014,3,0,3,1507,321183
10015,3,0,3,1507,321183
10016,3,0,3,1507,321183
10017,3,0,3,1507,321183
10018,3,0,3,1507,321183
10020,3,0,3,1507,321183
10021,3,0,3,1507,321183
10022,3,0,3,1507,321183
10023,29,0,29,1602,359163
10024,3,0,3,1507,321183
10026,3,0,3,1507,321183
10027,3,0,3,1507,321183
10028,3,0,3,1507,321183
10029,8,0,8,1455,300808
10030,143,0,143,1602,359163
10031,3,0,3,1507,321183
10032,3,0,3,1507,321183
10033,763,0,763,1455,300808
10034,497,0,497,1086,173863
10035,423,1,422,793,93335
10037,29,0,29,1602,359163
10038,29,0,29,1602,359163
10039,29,0,29,1602,359163
10041,3,0,3,1507,321183
10042,1,0,1,18,51
10043,3,0,3,1507,321183
10044,1,0,1,18,51
10045,1,0,1,18,51
10047,0,0,0,1452,299312
10048,3,0,3,1507,321183
10049,857,0,857,1246,223476
10050,3,0,3,1507,321183
10051,3,0,3,1507,321183
10052,3,0,3,1507,321183
10054,3,0,3,1507,321183
10055,3,0,3,1507,321183
10056,3,0,3,1507,321183
10058,3,0,3,1507,321183
10059,1,0,1,18,51
10060,3,0,3,1507,321183
10061,3,0,3,1507,321183
10062,1,0,1,18,51
10063,1,0,1,18,51
10064,3,0,3,1507,321183
10065,1,0,1,18,51
10066,1,0,1,18,51
10067,1,0,1,18,51
10068,3,0,3,1507,321183
10069,3,0,3,1507,321183
10070,3,0,3,1507,321183
10071,3,0,3,1507,321183
10072,68,0,68,1436,292699
10073,3,0,3,1507,321183
10074,1,0,1,18,51
10075,3,0,3,1507,321183
10076,3,0,3,1507,321183
10077,38,0,38,1507,321183
10078,3,0,3,1507,321183
10079,3,0,3,1507,321183
10080,3,0,3,1507,321183
10081,3,0,3,1507,321183
10082,1,0,1,18,51
10083,3,0,3,1507,321183
10084,3,0,3,1507,321183
10085,3,0,3,1507,321183
10086,1,0,1,18,51
10087,3,0,3,1507,321183
10088,1,0,1,18,51
10089,3,0,3,1507,321183
10090,1,0,1,18,51
10091,3,0,3,1507,321183
10092,3,0,3,1507,321183
10093,3,0,3,1507,321183
10095,3,0,3,1507,321183
10096,3,0,3,1507,321183
10097,3,0,3,1507,321183
10098,3,0,3,1507,321183
10099,3,0,3,1507,321183
10100,1,0,1,18,51
10101,3,0,3,1507,321183
10102,1,0,1,18,51
10103,1,0,1,18,51
10104,3,0,3,1507,321183
10105,3,0,3,1507,321183
10106,1145,0,1145,1406,279982
10108,3,0,3,1507,321183
10109,3,0,3,1507,321183
10110,3,0,3,1507,321183
10111,3,0,3,1507,321183
10112,1,0,1,18,51
10113,1,0,1,18,51
10114,3,0,3,1507,321183
10116,6,0,6,1599,358556
10117,3,0,3,1507,321183
10118,3,0,3,1507,321183
10120,848,0,848,1473,309052
10121,3,0,3,1507,321183
10122,3,0,3,1507,321183
10123,513,0,513,847,107642
10124,3,0,3,1507,321183
10125,1,0,1,18,51
10126,1,0,1,18,51
10127,3,0,3,1507,321183
10128,141,0,141,1507,321183
10130,8,0,8,1326,248871
10131,3,0,3,1507,321183
10132,1,0,1,18,51
10133,3,0,3,1507,321183
10135,841,0,841,1356,259094
10136,962,0,962,1473,309052
10137,186,0,186,1398,276492
10138,205,0,205,1398,276492
10139,811,0,811,1295,238480
10140,873,1,872,1246,223476
10141,885,0,885,1200,208443
10142,3,0,3,1507,321183
10143,956,0,956,1280,232899
10144,591,0,591,1026,157849
10145,963,0,963,1382,271424
10146,985,0,985,1246,223476
10148,1007,0,1007,1395,275632
10149,667,0,667,982,147788
10150,1022,0,1022,1395,275632
10151,1129,0,1129,1473,309052
10152,324,0,324,1395,275632
10153,387,0,387,907,124292
10154,624,0,624,1395,275632
10155,921,0,921,1440,295133
10156,991,0,991,1395,275632
10157,737,0,737,1395,275632
10158,625,0,625,1323,248279
10160,1157,0,1157,1597,358321
10161,453,0,453,1395,275632
10162,847,0,847,1168,199728
10163,1346,0,1346,1597,358321
10164,728,0,728,1395,275632
10165,812,0,812,1395,275632
10166,431,0,431,698,68937
10167,838,0,838,1395,275632
10168,285,0,285,753,82062
10169,803,0,803,1473,309052
10170,324,0,324,1395,275632
10171,211,0,211,795,94151
10172,324,0,324,1395,275632
10173,693,0,693,1395,275632
10174,324,0,324,1395,275632
10175,399,0,399,1473,309052
10176,3,0,3,1507,321183
10178,3,0,3,1507,321183
10179,3,0,3,1507,321183
10181,3,0,3,1507,321183
10182,3,0,3,1507,321183
10184,3,0,3,1507,321183
10185,3,0,3,1507,321183
10186,3,0,3,1507,321183
10187,3,0,3,1507,321183
10188,3,0,3,1507,321183
10189,1,0,1,18,51
10190,3,0,3,1507,321183
10191,3,0,3,1507,321183
10193,3,0,3,1507,321183
10194,3,0,3,1507,321183
10195,3,0,3,1507,321183
10196,3,0,3,1507,321183
10197,427,0,427,1602,359163
10198,1,0,1,18,51
10199,3,0,3,1507,321183
10201,3,0,3,1507,321183
10202,3,0,3,1507,321183
10203,3,0,3,1507,321183
10204,3,0,3,1507,321183
10205,3,0,3,1507,321183
10206,3,0,3,1507,321183
10207,3,0,3,1507,321183
10209,3,0,3,1507,321183
10210,3,0,3,1507,321183
10211,1,0,1,18,51
10212,1,0,1,18,51
10213,1,0,1,18,51
10214,3,0,3,1507,321183
10215,3,0,3,1507,321183
10216,1,0,1,18,51
10217,1,0,1,18,51
10218,1,0,1,18,51
10220,8,0,8,1326,248871
10221,3,0,3,1507,321183
10222,1,0,1,18,51
10223,1,0,1,18,51
10224,1,0,1,18,51
10225,1,0,1,18,51
10228,1,0,1,18,51
10229,1,0,1,18,51
10230,1,0,1,18,51
10231,3,0,3,1507,321183
10232,3,0,3,1507,321183
10233,3,0,3,1507,321183
10234,1,0,1,18,51
10235,29,0,29,1602,359163
10236,29,0,29,1602,359163
10239,3,0,3,1507,321183
10240,42,0,42,1348,256354
10242,1,0,1,199,1783
10243,29,0,29,1602,359163
10244,29,0,29,1602,359163
10245,29,0,29,1602,359163
10247,29,0,29,1602,359163
10249,3,0,3,1507,321183
10250,29,0,29,1602,359163
10251,29,0,29,1602,359163
10252,29,0,29,1602,359163
10253,3,0,3,1507,321183
10255,3,0,3,1507,321183
10256,29,0,29,1602,359163
10257,29,0,29,1602,359163
10258,29,0,29,1602,359163
10259,29,0,29,1602,359163
10260,29,0,29,1602,359163
10261,3,0,3,1507,321183
10262,29,0,29,1602,359163
10263,29,0,29,1602,359163
10264,29,0,29,1602,359163
10265,29,0,29,1602,359163
10266,29,0,29,1602,359163
10267,29,0,29,1602,359163
10268,3,0,3,1507,321183
10269,29,0,29,1602,359163
10270,29,0,29,1602,359163
10271,29,0,29,1602,359163
10272,29,0,29,1602,359163
10273,29,0,29,1602,359163
10274,8,0,8,1326,248871
10275,3,0,3,1507,321183
10276,29,0,29,1602,359163
10277,29,0,29,1602,359163
10278,29,0,29,1602,359163
10279,187,0,187,1507,321183
10281,29,0,29,1602,359163
10285,29,0,29,1602,359163
10286,29,0,29,1602,359163
10288,29,0,29,1602,359163
10289,8,0,8,1326,248871
10290,8,0,8,1326,248871
10291,42,0,42,1348,256354
10294,8,0,8,1326,248871
10297,1095,0,1095,1597,358321
10299,42,0,42,1348,256354
10300,42,0,42,1348,256354
10301,42,0,42,1348,256354
10302,42,0,42,1348,256354
10304,857,0,857,1246,223476
10306,857,0,857,1246,223476
10307,27,0,27,1002,152848
10308,191,0,191,1073,170113
10309,194,0,194,1073,170113
10311,304,0,304,1142,191706
10313,1,0,1,10,28
10314,1,0,1,18,51
10315,1,0,1,18,51
10316,1,0,1,18,51
10318,1,0,1,18,51
10319,1,0,1,18,51
10322,857,0,857,1246,223476
10323,1,0,1,18,51
10324,1,0,1,18,51
10325,1,0,1,18,51
10327,857,0,857,1246,223476
10328,1,0,1,18,51
10329,857,0,857,1246,223476
10330,1,0,1,18,51
10332,1,0,1,18,51
10333,1,0,1,18,51
10334,196,0,196,965,142878
10336,1,0,1,18,51
10337,1,0,1,18,51
10338,1,0,1,10,28
10339,199,0,199,953,138517
10340,1,0,1,18,51
10341,1,0,1,18,51
10344,1,0,1,18,51
10347,1,0,1,18,51
10348,1,0,1,18,51
10349,1,0,1,18,51
10350,255,0,255,866,112657
10351,1,0,1,18,51
10353,1,0,1,18,51
10354,1,0,1,18,51
10355,1,0,1,18,51
10356,1,0,1,18,51
10357,1,0,1,18,51
10358,1,0,1,18,51
10359,1,0,1,18,51
10360,1,0,1,18,51
10361,1,0,1,18,51
10362,1,0,1,18,51
10363,1,0,1,18,51
10364,156,0,156,844,106804
10366,1,0,1,18,51
10368,1,0,1,18,51
10369,1,0,1,18,51
10370,1,0,1,18,51
10371,1,0,1,18,51
10373,1,0,1,18,51
10374,4,0,4,724,74664
10375,4,0,4,724,74664
10376,21,0,21,699,69182
10377,4,0,4,724,74664
10378,1,0,1,18,51
10379,1,0,1,18,51
10380,1,0,1,18,51
10381,1,0,1,710,71361
10382,1,0,1,710,71361
10383,1,0,1,18,51
10384,1,0,1,710,71361
10385,1,0,1,18,51
10386,1,0,1,710,71361
10387,1,0,1,710,71361
10389,1,0,1,710,71361
10390,1,0,1,710,71361
10391,1,0,1,710,71361
10392,119,0,119,705,70423
10393,1,0,1,18,51
10394,1,0,1,18,51
10395,1,0,1,710,71361
10396,1,0,1,18,51
10397,1,0,1,18,51
10398,23,0,23,679,64147
10399,1,0,1,18,51
10400,1,0,1,18,51
10401,1,0,1,18,51
10402,1,0,1,18,51
10403,1,0,1,18,51
10404,1,0,1,18,51
10405,1,0,1,18,51
10406,1,0,1,18,51
10407,1,0,1,18,51
10408,19,0,19,48,289
10409,65,0,65,518,33544
10410,53,0,53,518,33544
10411,53,0,53,518,33544
10412,53,0,53,518,33544
10413,53,0,53,518,33544
10414,53,0,53,518,33544
10415,16,0,16,518,33544
10416,1,0,1,18,51
10418,0,0,0,177,1697
10420,11,0,11,311,7586
10421,0,0,0,149,1468
10429,3,0,3,200,1794
10435,1,0,1,183,1710
10436,1,0,1,18,51
10441,14,0,14,186,1724
10442,1,0,1,18,51
10443,1,0,1,18,51
10444,1,0,1,18,51
10446,12,0,12,181,1708
10448,1,0,1,18,51
10449,1,0,1,18,51
10450,15,0,15,198,1782
10451,1,0,1,18,51
10452,0,0,0,168,1673
10453,1,0,1,18,51
10454,1,0,1,18,51
10455,1,0,1,18,51
10456,1,0,1,18,51
10457,1,0,1,18,51
10458,1,0,1,18,51
10459,1,0,1,18,51
10460,1,0,1,18,51
10461,1,0,1,18,51
10462,1,0,1,18,51
10463,1,0,1,18,51
10464,1,0,1,18,51
10465,1,0,1,18,51
10466,1,0,1,18,51
10468,1,0,1,18,51
10469,1,0,1,18,51
10470,0,0,0,177,1697
10472,1,0,1,18,51
10473,1,0,1,18,51
10474,1,0,1,18,51
10475,1,0,1,18,51
10477,1,0,1,18,51
10478,1,0,1,18,51
10479,1,0,1,18,51
10480,1,0,1,18,51
10484,1,0,1,18,51
10486,1,0,1,18,51
10487,1,0,1,18,51
10488,1,0,1,18,51
10489,0,0,0,168,1673
10493,1,0,1,18,51
10494,0,0,0,177,1697
10495,0,0,0,177,1697
10496,0,0,0,177,1697
10497,0,0,0,4,6
10498,1,0,1,18,51
10501,0,0,0,4,6
10503,1,0,1,18,51
10504,1,0,1,174,1689
10505,1,0,1,18,51
10506,1,0,1,18,51
10507,1,0,1,174,1689
10509,1,0,1,198,1782
10510,0,0,0,170,1676
10511,10,0,10,170,1676
10513,10,0,10,170,1676
10514,1,0,1,170,1676
10516,1,0,1,18,51
10517,1,0,1,18,51
10518,0,0,0,168,1673
10519,1,0,1,18,51
10520,1,0,1,18,51
10521,1,0,1,18,51
10522,1,0,1,18,51
10523,1,0,1,18,51
10524,0,0,0,168,1673
10525,0,0,0,168,1673
10526,0,0,0,168,1673
10527,0,0,0,168,1673
10528,0,0,0,168,1673
10529,0,0,0,168,1673
10530,0,0,0,168,1673
10531,0,0,0,168,1673
10532,0,0,0,168,1673
10533,0,0,0,168,1673
10534,0,0,0,168,1673
10535,0,0,0,168,1673
10536,0,0,0,168,1673
10537,0,0,0,168,1673
10538,0,0,0,168,1673
10540,0,0,0,168,1673
10542,0,0,0,168,1673
10543,0,0,0,168,1673
10544,0,0,0,168,1673
10545,0,0,0,168,1673
10546,0,0,0,168,1673
10547,0,0,0,168,1673
10548,0,0,0,168,1673
10549,0,0,0,168,1673
10551,0,0,0,168,1673
10554,0,0,0,168,1673
10556,0,0,0,168,1673
10557,0,0,0,168,1673
10558,0,0,0,168,1673
10559,0,0,0,168,1673
10560,0,0,0,168,1673
10561,0,0,0,168,1673
10562,0,0,0,168,1673
10563,0,0,0,168,1673
10564,0,0,0,168,1673
10565,0,0,0,168,1673
10566,0,0,0,168,1673
10567,0,0,0,168,1673
10568,0,0,0,168,1673
10569,0,0,0,168,1673
10570,0,0,0,168,1673
10571,0,0,0,168,1673
10572,0,0,0,168,1673
10573,0,0,0,168,1673
10574,0,0,0,168,1673
10575,0,0,0,168,1673
10576,0,0,0,168,1673
10577,0,0,0,168,1673
10578,0,0,0,168,1673
10579,0,0,0,168,1673
10580,0,0,0,168,1673
10581,0,0,0,168,1673
10582,0,0,0,168,1673
10583,0,0,0,168,1673
10584,0,0,0,168,1673
10585,0,0,0,168,1673
10587,1,0,1,18,51
10588,1,0,1,18,51
10589,0,0,0,168,1673
10590,0,0,0,168,1673
10591,1,0,1,18,51
10592,0,0,0,168,1673
10593,1,0,1,18,51
10594,1,0,1,18,51
10595,0,0,0,168,1673
10596,0,0,0,168,1673
10597,0,0,0,168,1673
10598,0,0,0,168,1673
10599,0,0,0,168,1673
10600,0,0,0,168,1673
10601,0,0,0,168,1673
10602,0,0,0,168,1673
10603,0,0,0,168,1673
10605,0,0,0,168,1673
10606,0,0,0,168,1673
10607,0,0,0,168,1673
10609,0,0,0,168,1673
10610,0,0,0,168,1673
10611,0,0,0,168,1673
10612,0,0,0,168,1673
10613,0,0,0,168,1673
10614,0,0,0,168,1673
10615,0,0,0,168,1673
10616,0,0,0,168,1673
10617,0,0,0,168,1673
10618,0,0,0,168,1673
10619,0,0,0,168,1673
10620,0,0,0,168,1673
10621,0,0,0,168,1673
10622,0,0,0,168,1673
10623,0,0,0,168,1673
10624,0,0,0,168,1673
10625,0,0,0,168,1673
10626,0,0,0,168,1673
10627,0,0,0,168,1673
10628,0,0,0,168,1673
10629,0,0,0,168,1673
10630,0,0,0,168,1673
10631,0,0,0,168,1673
10632,0,0,0,168,1673
10633,0,0,0,168,1673
10634,0,0,0,149,1468
10636,1,0,1,18,51
10637,1,0,1,18,51
10639,1,0,1,18,51
10641,1,0,1,18,51
10642,1,0,1,18,51
10643,0,0,0,149,1468
10644,1,0,1,18,51
10645,1,0,1,18,51
10646,1,0,1,18,51
10647,1,0,1,18,51
10649,0,0,0,168,1673
10651,0,0,0,168,1673
10652,0,0,0,168,1673
10654,1,0,1,18,51
10655,0,0,0,168,1673
10656,0,0,0,168,1673
10657,0,0,0,168,1673
10658,1,0,1,18,51
10659,1,0,1,18,51
10660,0,0,0,149,1468
10661,9,0,9,64,438
10662,0,0,0,149,1468
10664,0,0,0,149,1468
10666,0,0,0,165,1637
10667,1,0,1,18,51
10669,1,0,1,18,51
10670,16,0,16,198,1782
10675,0,0,0,168,1673
10676,0,0,0,168,1673
10677,0,0,0,10,28
10678,1,0,1,18,51
10679,4,0,4,30,120
10680,0,0,0,149,1468
10683,0,0,0,149,1468
10684,0,0,0,149,1468
10685,0,0,0,149,1468
10686,0,0,0,149,1468
10687,0,0,0,152,1507
10688,1,0,1,18,51
10689,1,0,1,18,51
10690,0,0,0,149,1468
10692,1,0,1,18,51
10695,0,0,0,149,1468
10696,0,0,0,149,1468
10697,9,0,9,146,1455
10698,0,0,0,146,1455
10699,1,0,1,146,1455
10700,1,0,1,146,1455
10701,9,0,9,146,1455
10702,0,0,0,146,1455
10705,1,0,1,18,51
10706,1,0,1,18,51
10707,1,0,1,18,51
10708,1,0,1,18,51
10709,1,0,1,18,51
10710,1,0,1,18,51
10711,1,0,1,18,51
10712,1,0,1,18,51
10714,1,0,1,18,51
10715,8,0,8,139,1358
10716,8,0,8,139,1358
10717,8,0,8,139,1358
10718,8,0,8,139,1358
10719,8,0,8,139,1358
10720,8,0,8,139,1358
10721,8,0,8,139,1358
10722,8,0,8,139,1358
10723,8,0,8,139,1358
10726,1,0,1,18,51
10727,1,0,1,18,51
10728,1,0,1,18,51
10729,1,0,1,18,51
10730,1,0,1,18,51
10731,1,0,1,18,51
10732,1,0,1,18,51
10733,1,0,1,18,51
10734,1,0,1,18,51
10735,1,0,1,18,51
10736,1,0,1,18,51
10738,1,0,1,18,51
10739,1,0,1,18,51
10740,1,0,1,18,51
10741,1,0,1,18,51
10742,1,0,1,18,51
10743,1,0,1,18,51
10744,1,0,1,18,51
10745,1,0,1,18,51
10746,1,0,1,18,51
10747,1,0,1,18,51
10748,1,0,1,18,51
10749,1,0,1,18,51
10750,1,0,1,18,51
10751,1,0,1,18,51
10752,1,0,1,18,51
10753,1,0,1,18,51
10754,1,0,1,18,51
10755,1,0,1,18,51
10756,1,0,1,18,51
10757,1,0,1,18,51
10758,1,0,1,18,51
10759,1,0,1,18,51
10760,1,0,1,18,51
10761,1,0,1,18,51
10763,0,0,0,36,167
10765,6,0,6,131,1222
10766,12,0,12,131,1222
10767,6,0,6,131,1222
10768,1,0,1,18,51
10769,4,0,4,129,1210
10770,0,0,0,17,50
10771,5,0,5,104,932
10772,1,0,1,18,51
10774,1,0,1,18,51
10776,1,0,1,18,51
10777,1,0,1,123,1168
10778,1,0,1,18,51
10779,1,0,1,18,51
10780,1,0,1,18,51
10782,1,0,1,18,51
10783,1,0,1,18,51
10785,1,0,1,18,51
10786,1,0,1,18,51
10787,1,0,1,18,51
10788,0,0,0,72,580
10789,1,0,1,18,51
10790,1,0,1,18,51
10792,1,0,1,18,51
10793,1,0,1,18,51
10794,1,0,1,18,51
10795,1,0,1,18,51
10796,1,0,1,18,51
10797,1,0,1,18,51
10798,1,0,1,18,51
10799,1,0,1,18,51
10800,1,0,1,18,51
10801,1,0,1,18,51
10802,1,0,1,18,51
10803,18,0,18,109,976
10805,1,0,1,18,51
10806,1,0,1,18,51
10807,1,0,1,18,51
10808,1,0,1,18,51
10811,1,0,1,18,51
10813,1,0,1,18,51
10814,1,0,1,18,51
10815,1,0,1,18,51
10816,1,0,1,18,51
10817,1,0,1,18,51
10820,1,0,1,18,51
10821,1,0,1,18,51
10822,1,0,1,107,944
10823,1,0,1,18,51
10825,1,0,1,18,51
10826,1,0,1,18,51
10827,1,0,1,18,51
10829,1,0,1,18,51
10830,1,0,1,18,51
10832,1,0,1,18,51
10833,1,0,1,18,51
10834,1,0,1,18,51
10835,1,0,1,18,51
10836,1,0,1,18,51
10837,1,0,1,18,51
10838,1,0,1,18,51
10839,1,0,1,18,51
10840,1,0,1,18,51
10841,1,0,1,18,51
10842,1,0,1,18,51
10844,1,0,1,18,51
10845,1,0,1,18,51
10846,8,0,8,102,882
10847,1,0,1,18,51
10848,1,0,1,18,51
10849,1,0,1,18,51
10850,1,0,1,18,51
10851,1,0,1,18,51
10853,6,0,6,100,858
10855,1,0,1,18,51
10856,1,0,1,18,51
10857,1,0,1,18,51
10858,1,0,1,18,51
10859,1,0,1,18,51
10861,1,0,1,18,51
10862,1,0,1,18,51
10863,12,0,12,92,786
10871,1,0,1,18,51
10872,1,0,1,18,51
10873,1,0,1,18,51
10875,1,0,1,18,51
10878,1,0,1,18,51
10880,0,0,0,79,623
10881,4,0,4,79,623
10883,4,0,4,79,623
10889,17,0,17,45,244
10890,0,0,0,72,580
10895,2,0,2,64,438
10896,0,0,0,65,456
10897,3,0,3,65,456
10900,1,0,1,18,51
10901,1,0,1,18,51
10902,1,0,1,18,51
10903,1,0,1,18,51
10906,1,0,1,18,51
10907,1,0,1,18,51
10908,1,0,1,18,51
10910,1,0,1,18,51
10911,1,0,1,18,51
10912,1,0,1,18,51
10916,10,0,10,40,204
10918,3,0,3,48,289
10919,1,0,1,18,51
10920,1,0,1,18,51
10921,1,0,1,18,51
10922,1,0,1,18,51
10924,31,0,31,129,1210
10926,0,0,0,36,167
10928,1,0,1,18,51
10929,1,0,1,18,51
10931,1,0,1,18,51
10932,1,0,1,18,51
10935,1,0,1,18,51
10936,1,0,1,18,51
10941,1,0,1,18,51
10942,1,0,1,18,51
10944,3,0,3,31,128
10947,1,0,1,18,51
10953,1,0,1,18,51
10954,1,0,1,18,51
10958,1,0,1,18,51
10959,1,0,1,18,51
10960,1,0,1,18,51
10968,1,0,1,18,51
10979,1,0,1,18,51
10986,1,0,1,18,51
10987,1,0,1,18,51
10990,4,0,4,30,120
10991,1,0,1,18,51
10992,1,0,1,10,28
10994,8,0,8,24,86
10995,0,0,0,19,56
10997,0,0,0,5,10
10999,1,0,1,22,70
11001,1,0,1,18,51
11002,1,0,1,22,70
11003,0,0,0,0,0
11004,1,0,1,18,51
11005,1,0,1,18,51
11006,1,0,1,18,51
11007,1,0,1,18,51
11008,1,0,1,18,51
11009,1,0,1,18,51
11010,1,0,1,18,51
11011,1,0,1,18,51
11012,1,0,1,18,51
11013,1,0,1,18,51
11014,1,0,1,18,51
11015,1,0,1,18,51
11016,1,0,1,18,51
11023,1,0,1,18,51
11024,1,0,1,18,51
11025,1,0,1,18,51
11027,1,0,1,18,51
11028,0,0,0,10,28
11031,0,0,0,17,50
11032,0,0,0,18,51
11033,1,0,1,18,51
11034,1,0,1,18,51
11035,1,0,1,18,51
11037,1,0,1,18,51
11040,1,0,1,18,51
11041,1,0,1,18,51
11042,1,0,1,18,51
11043,1,0,1,18,51
11045,1,0,1,18,51
11046,1,0,1,18,51
11047,5,0,5,1592,355260
11048,98,0,98,1592,355260
11049,260,0,260,1582,352564
11050,537,0,537,844,106804
11051,1022,1,1021,1285,235379
11052,605,0,605,1582,352564
11054,29,0,29,1602,359163
11055,674,0,674,1553,341146
11057,29,0,29,1602,359163
11058,878,0,878,1226,217592
11059,99,2,97,297,6408
11060,1025,0,1025,1276,232229
11061,33,0,33,970,144299
11062,962,8,954,1246,223476
11064,1283,0,1283,1597,358321
11065,96,0,96,302,6816
11066,140,2,138,356,11161
11067,320,1,319,544,38525
11068,147,0,147,356,11161
11069,393,0,393,698,68937
11070,163,0,163,377,12976
11071,972,0,972,1246,223476
11072,990,0,990,1246,223476
11074,151,1,150,356,11161
11075,505,1,504,776,88553
11076,806,2,804,1226,217592
11077,973,2,971,1246,223476
11081,148,1,147,356,11161
11083,160,0,160,384,13782
11084,499,0,499,815,98423
11085,0,0,0,821,99972
11086,517,0,517,842,106338
11087,581,0,581,838,105649
11088,1023,0,1023,1276,232229
11089,203,0,203,425,19148
11090,496,0,496,822,100514
11091,395,0,395,703,69907
11092,147,0,147,356,11161
11093,58,0,58,259,3952
11094,492,0,492,793,93335
11095,85,0,85,462,23758
11096,989,2,987,1246,223476
11097,536,1,535,847,107642
11098,994,0,994,1285,235379
11099,422,0,422,693,67302
11100,1014,0,1014,1276,232229
11101,1009,0,1009,1246,223476
11102,600,0,600,894,120191
11103,1006,0,1006,1276,232229
11104,79,0,79,289,5729
11105,183,0,183,389,14274
11106,1062,2,1060,1285,235379
11107,398,0,398,629,54971
11108,1357,0,1357,1597,358321
11109,1060,0,1060,1285,235379
11110,501,0,501,825,101436
11111,381,0,381,685,65198
11112,64,0,64,268,4396
11113,898,0,898,1226,217592
11114,754,1,753,1030,159073
11115,189,0,189,407,16600
11116,907,0,907,1226,217592
11117,421,0,421,690,66218
11118,1063,1,1062,1285,235379
11119,1058,0,1058,1285,235379
11120,106,0,106,308,7317
11121,965,1,964,1285,235379
11123,351,0,351,626,54237
11124,579,0,579,1030,159073
11125,75,0,75,285,5451
11126,493,0,493,795,94151
11127,485,0,485,786,90654
11128,963,0,963,1246,223476
11129,1063,0,1063,1285,235379
11131,973,1,972,1276,232229
11132,19,0,19,817,99014
11133,960,0,960,1276,232229
11134,92,0,92,303,6912
11135,153,2,151,822,100514
11136,509,0,509,822,100514
11137,908,0,908,1226,217592
11138,198,1,197,487,28163
11139,994,2,992,1246,223476
11140,974,0,974,1276,232229
11141,492,0,492,790,92105
11142,911,0,911,1226,217592
11143,129,0,129,352,10809
11144,183,0,183,417,17980
11145,1002,0,1002,1285,235379
11147,1052,0,1052,1285,235379
11148,410,0,410,622,52922
11149,1058,1,1057,1285,235379
11150,543,0,543,862,111548
11152,882,0,882,1226,217592
11153,183,0,183,578,44599
11155,18,0,18,220,2231
11156,14,0,14,215,2103
11157,62,0,62,257,3832
11159,941,0,941,1276,232229
11160,896,0,896,1226,217592
11161,338,0,338,795,94151
11162,31,0,31,794,93576
11164,9,0,9,689,65715
11165,0,0,0,676,63599
11167,6,0,6,642,57216
11168,126,0,126,631,55293
11176,948,0,948,1246,223476
11178,4,0,4,447,21552
11179,8,0,8,447,21552
11181,10,0,10,436,20457
11188,39,0,39,385,13793
11189,57,0,57,257,3832
11190,15,0,15,349,10615
11192,0,0,0,253,3613
11197,3,0,3,253,3613
11199,25,0,25,253,3613
11200,3,0,3,253,3613
11201,4,0,4,222,2299
11203,2,0,2,198,1782
11204,0,0,0,186,1724
11205,0,0,0,186,1724
11209,857,0,857,1246,223476
11210,857,0,857,1246,223476
11211,858,0,858,1246,223476
11212,858,0,858,1246,223476
11238,1119,2,1117,1409,281919
11239,927,0,927,1276,232229
11240,12,0,12,38,185
11241,6,0,6,1601,359134
11242,94,0,94,1601,359134
11243,7,0,7,1601,359134
11244,42,0,42,1591,355153
11245,403,0,403,838,105649
11247,819,0,819,1152,194358
11248,6,0,6,1599,358556
11249,6,0,6,1599,358556
11250,6,0,6,1599,358556
11251,3,0,3,1507,321183
11252,1,0,1,18,51
11253,1,0,1,18,51
11254,988,1,987,1342,254287
11255,595,0,595,907,124292
11256,260,0,260,1582,352564
11257,493,0,493,765,84994
11258,29,0,29,1602,359163
11261,29,0,29,1602,359163
11263,15,0,15,1601,359134
11264,872,1,871,1246,223476
11265,903,1,902,1246,223476
11266,403,0,403,700,69300
11267,741,0,741,1323,248279
11269,29,0,29,1602,359163
11270,29,0,29,1602,359163
11271,29,0,29,1602,359163
11272,29,0,29,1602,359163
11273,29,0,29,1602,359163
11274,29,0,29,1602,359163
11277,29,0,29,1602,359163
11280,29,0,29,1602,359163
11281,29,0,29,1602,359163
11283,29,0,29,1602,359163
11284,29,0,29,1602,359163
11285,29,0,29,1602,359163
11286,29,0,29,1602,359163
11288,29,0,29,1602,359163
11289,0,0,0,1593,355559
11290,29,0,29,1602,359163
11293,228,0,228,1596,356871
11294,263,0,263,1601,359134
11296,29,0,29,1602,359163
11297,29,0,29,1602,359163
11298,29,0,29,1602,359163
11299,29,0,29,1602,359163
11300,29,0,29,1602,359163
11301,29,0,29,1602,359163
11304,29,0,29,1602,359163
11307,29,0,29,1602,359163
11308,29,0,29,1602,359163
11310,29,0,29,1602,359163
11311,29,0,29,1602,359163
11312,2,0,2,1600,358663
11313,1,0,1,1596,356871
11314,1,0,1,1596,356871
11315,4,0,4,1601,359134
11316,3,0,3,1596,356871
11317,20,0,20,1596,356871
11318,15,0,15,1596,356871
11319,20,0,20,1596,356871
11320,81,0,81,1596,356871
11321,29,0,29,1602,359163
11322,29,0,29,1602,359163
11324,29,0,29,1602,359163
11325,0,0,0,1593,355559
11326,230,0,230,1598,358540
11327,1020,0,1020,1597,358321
11329,29,0,29,1602,359163
11330,29,0,29,1602,359163
11331,29,0,29,1602,359163
11333,29,0,29,1602,359163
11337,29,0,29,1602,359163
11338,29,0,29,1602,359163
11340,22,0,22,1601,359134
11341,29,0,29,1602,359163
11343,29,0,29,1602,359163
11344,29,0,29,1602,359163
11345,29,0,29,1602,359163
11347,29,0,29,1602,359163
11351,29,0,29,1602,359163
11352,29,0,29,1602,359163
11354,144,0,144,1600,358663
11355,2,0,2,1600,358663
11356,281,0,281,1604,359840
11357,29,0,29,1601,359134
11358,105,0,105,1601,359134
11359,5,0,5,1601,359134
11361,56,0,56,1601,359134
11362,24,0,24,1601,359134
11363,17,0,17,1601,359134
11364,6,0,6,1601,359134
11365,222,0,222,1601,359134
11367,551,0,551,1467,305874
11368,27,0,27,1382,271424
11369,107,0,107,1601,359134
